SNP ID;nodeID;predicted;Class;For-SNP rank
rs9979125;1923;0.8173369741360181;1;1
rs9979125;47;0.800378284075557;0;2
rs9979125;8117;0.7132352008866593;0;3
rs9979125;12900;0.30849334553170854;0;4
rs9925556;12932;0.5693536485818955;1;1
rs9925556;7602;0.12547651898532508;0;2
rs9856752;631;0.28380459414811854;1;1
rs9856752;4457;0.10215280822179304;0;2
rs9296365;10726;0.5314554745574038;1;1
rs914187;1923;0.8173369741360181;0;1
rs914187;47;0.800378284075557;0;2
rs914187;8117;0.7132352008866593;1;3
rs914187;12900;0.30849334553170854;0;4
rs8107333;10053;0.6498782821935241;1;1
rs7934971;6545;0.4518907861783916;1;1
rs785373;10641;0.5031087887469343;1;1
rs7632169;3939;0.4927366993214733;0;1
rs7632169;11613;0.15899871284062772;1;2
rs75056606;569;0.699052488865528;0;1
rs75056606;6029;0.5300250506954858;0;2
rs75056606;8182;0.5125309152523914;0;3
rs75056606;7821;0.48034119205829096;0;4
rs75056606;8265;0.43055689818378834;0;5
rs75056606;1118;0.3867561291102663;1;6
rs75056606;10151;0.33642630702535714;0;7
rs75056606;3512;0.32035006873996813;0;8
rs75056606;2741;0.2357139794559139;0;9
rs708723;13805;0.8140120985826267;0;1
rs708723;2763;0.5479370969872197;0;2
rs708723;9038;0.5477917007002191;1;3
rs708723;4406;0.28431651264714125;0;4
rs6799720;6399;0.8791626713274769;1;1
rs6785962;5862;1.0876917963908745;0;1
rs6785962;12462;0.5442454855663291;1;2
rs6785962;12976;0.4605897237442614;0;3
rs6738645;960;0.7191586412146492;1;1
rs6738645;9477;0.38341123885754874;0;2
rs6738645;9047;0.3679932215866384;0;3
rs6738645;6582;0.3181000061438002;0;4
rs6573971;13228;0.625111390473556;1;1
rs6573971;5448;0.5510071948307164;0;2
rs6573971;5241;0.5239949714858514;0;3
rs6573971;13058;0.22840231243052242;0;4
rs6557271;9777;0.6911652906303454;1;1
rs6512130;12488;0.98726557279594;0;1
rs6512130;10297;0.3219099769647526;1;2
rs58057291;9333;0.6393359001952653;1;1
rs4962720;11929;1.0472882063742874;1;1
rs4962720;5960;0.14340325428865452;0;2
rs4245739;13902;0.6545309093477867;0;1
rs4245739;12054;0.41524637962263605;1;2
rs4245739;2756;0.3733637429378548;0;3
rs3847414;2799;0.3053942272902868;0;1
rs3847414;2162;0.28316156958417793;1;2
rs3798439;7860;0.5171390687056062;1;1
rs3798439;9817;0.22014831222771158;0;2
rs3798439;8281;0.14609120729848274;0;3
rs3771578;12130;0.932588254757849;0;1
rs3771578;10079;0.7314137796474507;1;2
rs3771578;9109;0.598487496498503;0;3
rs2742624;8587;0.9123719121539888;1;1
rs2412106;11047;0.6937542340884211;1;1
rs2412106;6683;0.6112119762801447;0;2
rs2412106;762;0.5080726219044039;0;3
rs2253829;570;0.82878520403335;0;1
rs2253829;6568;0.5924080223798608;1;2
rs2253829;13677;0.46690832695222967;0;3
rs2253829;151;0.3049321886366647;0;4
rs2253829;1571;0.29663704132938207;0;5
rs2011345;5363;0.8580479697321515;1;1
rs2011345;6451;0.45963764785898775;0;2
rs185397;13865;0.6571477197599381;1;1
rs182314334;13017;0.7494446642403664;1;1
rs17632542;13430;0.28741162455106106;1;1
rs17122571;312;0.9606109413538482;1;1
rs17122571;2295;0.752320748724643;0;2
rs17122571;4561;0.5090903851318043;0;3
rs17122571;7296;0.29843195838371794;0;4
rs17122571;1737;0.18779807601445678;0;5
rs16860643;3894;0.06461506554794572;1;1
rs12976534;2109;0.44857801391382485;1;1
rs12976534;3015;0.3962676440065174;0;2
rs11689112;13963;0.546123752829762;1;1
rs11666569;10046;0.7001316936530043;1;1
rs11666569;6962;0.6945720839910604;0;2
rs11568818;2009;0.7491538963846107;1;1
rs112871784;5615;0.4662352737771437;1;1
rs1048169;2513;0.44792240591252197;0;1
rs1048169;11444;0.31939780314643773;1;2
rs1045270;7686;0.3821924941402268;0;1
rs1045270;2762;0.19440313836141931;1;2
rs10182643;5616;0.4772685321290296;1;1
rs10144415;7247;0.6113749000896166;0;1
rs10144415;2369;0.565054307355438;1;2
rs10144415;13154;0.5155971391436183;0;3
