refset;algorithm;variation;binary;expression;bp distance;Recall snps;Recall genes;ROC-AUC overall (lso);ROC-AUC - mean per snpl (lso);Hits@1(lso);Hits@3(lso);Hits@5(lso);Hits@10(lso);Mean rank (lso);Median rank (lso);ROC-AUC overall (lco);ROC-AUC - mean per snpl (lco);Hits@1(lco);Hits@3(lco);Hits@5(lco);Hits@10(lco);Mean rank (lco);Median rank (lco)
farashi;LR;combo;binary;diff expression;100;54,0;215,0;80,50374458021285;0,6449689037408335;28,0;78,0;115,0;180,0;8,093023255813954;5,0;69,71383523847064;0,6853859184999536;25,0;65,0;91,0;134,0;11,604651162790697;7,0
farashi;LR;combo;binary;diff expression;500;135,0;531,0;89,00337564345541;0,7107067003641082;49,0;146,0;222,0;313,0;12,900188323917137;7,0;74,88900818910788;0,6347089593413862;27,0;95,0;145,0;264,0;53,325800376647834;11,0
farashi;LR;combo;binary;diff expression;1000;173,0;664,0;90,43325827837519;0,7367652755251463;51,0;151,0;232,0;333,0;19,46385542168675;10,0;78,72565561439347;0,6830097657920176;28,0;94,0;150,0;277,0;71,70030120481928;14,0
farashi;LR;combo;binary;diff expression;2000;194,0;736,0;89,56099140177847;0,743327984803732;52,0;158,0;257,0;379,0;38,18478260869565;10,0;82,63472045966152;0,7598448320142813;29,0;100,0;155,0;285,0;63,99048913043478;15,0
farashi;LR;combo;binary;no expression;100;54,0;55,0;68,51119894598155;0,6165123456790125;27,0;48,0;52,0;55,0;2,109090909090909;2,0;67,23320158102767;0,567283950617284;20,0;53,0;54,0;55,0;2,0;2,0
farashi;LR;combo;binary;no expression;500;135,0;144,0;74,18548227371757;0,5889107593435234;36,0;67,0;98,0;125,0;5,284722222222222;4,0;77,40167194824058;0,6657793261549012;32,0;88,0;113,0;124,0;5,118055555555555;3,0
farashi;LR;combo;binary;no expression;1000;173,0;185,0;70,86717179740435;0,5647755712244048;25,0;55,0;77,0;124,0;10,286486486486487;7,0;78,95338476733826;0,7086978841806277;45,0;96,0;119,0;140,0;7,572972972972973;3,0
farashi;LR;combo;binary;no expression;2000;194,0;208,0;63,63865895301687;0,5135756774179107;10,0;28,0;42,0;83,0;20,346153846153847;14,0;80,9855102289704;0,7603829571538916;43,0;96,0;119,0;140,0;9,975961538461538;4,0
farashi;LR;combo;normal;diff expression;100;54,0;215,0;78,81316515569571;0,6597721154738699;28,0;80,0;118,0;182,0;9,465116279069768;5,0;74,24320063066614;0,7377007333147684;28,0;75,0;105,0;164,0;10,679069767441861;6,0
farashi;LR;combo;normal;diff expression;500;135,0;531,0;84,16508386598117;0,6275221450282438;41,0;119,0;174,0;294,0;26,231638418079097;9,0;75,39830266649807;0,6559400869842658;38,0;109,0;158,0;265,0;52,58380414312618;11,0
farashi;LR;combo;normal;diff expression;1000;173,0;664,0;80,75721010293164;0,5955575919539381;32,0;96,0;145,0;243,0;70,40963855421687;20,0;78,29666036893992;0,701477155357574;42,0;115,0;175,0;291,0;74,0210843373494;15,0
farashi;LR;combo;normal;diff expression;2000;194,0;736,0;76,78500295380861;0,5963820322488518;34,0;97,0;150,0;213,0;113,8899456521739;27,0;80,07195564653658;0,7604245929537059;41,0;115,0;175,0;291,0;75,64809782608695;18,0
farashi;LR;combo;normal;no expression;100;54,0;55,0;62,96442687747036;0,5632716049382717;23,0;45,0;53,0;55,0;2,290909090909091;2,0;76,87088274044795;0,7424382716049384;29,0;53,0;55,0;55,0;1,690909090909091;1,0
farashi;LR;combo;normal;no expression;500;135,0;144,0;69,44052452630885;0,5482809608506913;26,0;53,0;89,0;117,0;6,166666666666667;4,0;76,05198224070773;0,6624939290881422;41,0;90,0;109,0;120,0;5,652777777777778;3,0
farashi;LR;combo;normal;no expression;1000;173,0;185,0;68,67710542129146;0,5463948675299054;17,0;45,0;69,0;120,0;11,102702702702702;7,0;78,77587528750321;0,7072578746701081;44,0;96,0;119,0;138,0;7,605405405405405;3,0
farashi;LR;combo;normal;no expression;2000;194,0;208,0;63,55421151051355;0,5125499562890967;9,0;27,0;41,0;82,0;20,379807692307693;14,0;80,9855102289704;0,7605403240215215;43,0;96,0;119,0;140,0;9,975961538461538;4,0
farashi;SVM;combo;binary;diff expression;100;54,0;215,0;75,53882538431218;0,6808990067761999;31,0;77,0;110,0;170,0;10,586046511627908;5,0;72,83287347260544;0,6400039450478048;29,0;71,0;100,0;158,0;10,493023255813954;6,0
farashi;SVM;combo;binary;diff expression;500;135,0;531,0;89,43649531884826;0,6889011554582822;52,0;150,0;224,0;347,0;12,67984934086629;7,0;68,52854465017974;0,5323148417288213;16,0;57,0;88,0;139,0;67,52165725047081;25,0
farashi;SVM;combo;binary;diff expression;1000;173,0;664,0;88,89254820917034;0,6821541269989806;52,0;152,0;232,0;377,0;31,852409638554217;8,0;69,86450347076321;0,4986475137945733;15,0;46,0;81,0;176,0;136,4578313253012;45,0
farashi;SVM;combo;binary;diff expression;2000;194,0;736,0;89,8927659682636;0,726788637945361;56,0;163,0;254,0;398,0;36,74048913043478;9,0;68,46929969638194;0,46390531659160056;16,0;48,0;77,0;142,0;191,5258152173913;53,0
farashi;SVM;combo;binary;no expression;100;54,0;55,0;79,36758893280633;0,760956790123457;33,0;53,0;53,0;55,0;1,6727272727272726;1,0;61,36363636363637;0,5047839506172839;18,0;51,0;52,0;55,0;2,272727272727273;2,0
farashi;SVM;combo;binary;no expression;500;135,0;144,0;85,04551231266917;0,7369056805718803;54,0;101,0;123,0;139,0;3,3472222222222223;2,0;69,93752888360731;0,5575142059836612;22,0;67,0;93,0;117,0;6,548611111111111;4,0
farashi;SVM;combo;binary;no expression;1000;173,0;185,0;83,72224255945187;0,710898294704581;50,0;106,0;132,0;160,0;6,0;3,0;65,47820501308874;0,4937839191681624;15,0;40,0;66,0;119,0;13,027027027027026;8,0
farashi;SVM;combo;binary;no expression;2000;194,0;208,0;85,681315233188;0,7686763083274603;61,0;116,0;141,0;159,0;7,855769230769231;3,0;62,97527490675529;0,4716266966209425;9,0;19,0;48,0;84,0;21,45673076923077;15,0
farashi;SVM;combo;normal;diff expression;100;54,0;215,0;78,31454473787939;0,7032407407407409;32,0;79,0;116,0;176,0;9,6;5,0;64,13086322428066;0,6013888888888889;26,0;64,0;90,0;132,0;14,320930232558139;7,0
farashi;SVM;combo;normal;diff expression;500;135,0;531,0;84,8936443153791;0,6222236753493666;41,0;126,0;197,0;320,0;25,926553672316384;8,0;72,0094624880268;0,53311893582599;31,0;96,0;150,0;278,0;69,92090395480226;10,0
farashi;SVM;combo;normal;diff expression;1000;173,0;664,0;85,3837302056343;0,6285106252069615;40,0;113,0;175,0;294,0;44,60843373493976;12,5;71,36223898109259;0,5138433433223321;19,0;56,0;99,0;193,0;136,07981927710844;26,0
farashi;SVM;combo;normal;diff expression;2000;194,0;736,0;84,98790322061669;0,6523617442073228;45,0;121,0;186,0;279,0;58,86684782608695;16,5;67,61917475478239;0,47254634103126153;11,0;31,0;64,0;149,0;196,8328804347826;44,0
farashi;SVM;combo;normal;no expression;100;54,0;55,0;74,94729907773386;0,7324074074074075;32,0;48,0;55,0;55,0;1,8363636363636364;1,0;65,02635046113306;0,5927469135802469;24,0;47,0;54,0;55,0;2,1636363636363636;2,0
farashi;SVM;combo;normal;no expression;500;135,0;144,0;77,18834587707136;0,6783867923961141;53,0;89,0;99,0;124,0;5,006944444444445;2,5;70,21419257938865;0,5804526496338713;32,0;70,0;92,0;119,0;6,576388888888889;4,0
farashi;SVM;combo;normal;no expression;1000;173,0;185,0;77,15342482784344;0,6478626072223184;39,0;73,0;106,0;145,0;8,12972972972973;4,0;68,89785261878285;0,5467850362697847;24,0;51,0;76,0;118,0;11,416216216216217;7,0
farashi;SVM;combo;normal;no expression;2000;194,0;208,0;76,1157288840107;0,6800207928532795;43,0;72,0;93,0;123,0;13,370192307692308;7,0;67,65910673089627;0,5644289305103819;16,0;34,0;62,0;102,0;19,067307692307693;11,0
farashi;DT;combo;binary;diff expression;100;54,0;215,0;78,31730390224673;0,6190429778149077;26,0;77,0;117,0;182,0;10,06046511627907;5,0;69,88135593220339;0,6813735728209411;26,0;65,0;91,0;134,0;11,576744186046511;7,0
farashi;DT;combo;binary;diff expression;500;135,0;531,0;88,68833554775728;0,7160538645418391;48,0;143,0;217,0;302,0;13,2015065913371;8,0;74,83023325495908;0,6673213273011259;43,0;120,0;170,0;268,0;50,80790960451977;10,0
farashi;DT;combo;binary;diff expression;1000;173,0;664,0;91,17782316280376;0,734817298596821;51,0;155,0;240,0;340,0;16,936746987951807;10,0;80,02756699405357;0,689083217174417;35,0;102,0;153,0;291,0;66,3132530120482;13,0
farashi;DT;combo;binary;diff expression;2000;194,0;736,0;91,91941492065902;0,7801850085657465;55,0;171,0;268,0;393,0;20,76766304347826;9,0;75,8914356282088;0,7330888496618795;18,0;43,0;64,0;157,0;91,61820652173913;36,5
farashi;DT;combo;binary;no expression;100;54,0;55,0;70,63899868247694;0,6520061728395062;28,0;48,0;53,0;55,0;2,018181818181818;1,0;71,75889328063242;0,6569444444444444;23,0;52,0;55,0;55,0;1,8545454545454545;2,0
farashi;DT;combo;binary;no expression;500;135,0;144,0;82,59907077309038;0,6931824116579106;49,0;92,0;116,0;135,0;3,7152777777777777;2,0;70,48755529147685;0,5909726778195101;23,0;71,0;97,0;118,0;6,555555555555555;4,0
farashi;DT;combo;binary;no expression;1000;173,0;185,0;86,18036897106664;0,7469594191792922;51,0;115,0;136,0;164,0;4,972972972972973;2,0;74,33054060961038;0,6635725595074418;27,0;67,0;94,0;138,0;9,032432432432433;5,0
farashi;DT;combo;binary;no expression;2000;194,0;208,0;87,95599713405896;0,7879645184966878;61,0;127,0;145,0;172,0;6,649038461538462;3,0;79,21201865910547;0,7323252152903766;13,0;48,0;90,0;147,0;10,524038461538462;7,0
farashi;DT;combo;normal;diff expression;100;54,0;215,0;78,05912495072921;0,6525770444630093;26,0;76,0;111,0;180,0;11,125581395348837;5,0;77,24871895940088;0,7454283857792631;31,0;78,0;109,0;170,0;10,051162790697674;5,0
farashi;DT;combo;normal;diff expression;500;135,0;531,0;89,22629201791715;0,698196806850926;49,0;152,0;224,0;315,0;12,642184557438794;7,0;70,64198948545908;0,6414085273032294;28,0;75,0;115,0;180,0;60,48964218455744;24,0
farashi;DT;combo;normal;diff expression;1000;173,0;664,0;91,17143750924392;0,7380198644301883;52,0;152,0;242,0;345,0;17,022590361445783;9,0;75,82955093268447;0,6933701437777315;29,0;82,0;119,0;227,0;80,50451807228916;24,0
farashi;DT;combo;normal;diff expression;2000;194,0;736,0;91,91978696218482;0,7818092534485581;60,0;173,0;270,0;393,0;20,77038043478261;9,0;77,74958596805767;0,7293906566904691;14,0;48,0;72,0;154,0;81,52309782608695;38,0
farashi;DT;combo;normal;no expression;100;54,0;55,0;71,10671936758894;0,6427469135802469;28,0;48,0;53,0;55,0;2,036363636363636;1,0;71,44927536231883;0,6384259259259258;23,0;53,0;54,0;55,0;1,8727272727272728;2,0
farashi;DT;combo;normal;no expression;500;135,0;144,0;82,95660856935368;0,7053222442791636;46,0;90,0;120,0;136,0;3,6319444444444446;2,0;73,64081996434936;0,6492537987940427;25,0;79,0;107,0;124,0;5,993055555555555;3,0
farashi;DT;combo;normal;no expression;1000;173,0;185,0;85,65288262962682;0,7289294613815797;49,0;114,0;136,0;161,0;5,124324324324324;3,0;76,40187593675965;0,6702097530102246;25,0;76,0;108,0;140,0;8,259459459459459;4,0
farashi;DT;combo;normal;no expression;2000;194,0;208,0;87,26196555789303;0,7737327389788755;56,0;121,0;140,0;172,0;6,9951923076923075;3,0;79,01082477108042;0,7376617711052734;22,0;64,0;93,0;142,0;10,711538461538462;6,0
farashi;KNN;combo;binary;diff expression;100;54,0;215,0;84,29720141899881;0,7044753086419753;31,0;79,0;117,0;188,0;5,897674418604651;5,0;50,795821836815136;0,508179012345679;20,0;45,0;57,0;88,0;17,190697674418605;23,0
farashi;KNN;combo;binary;diff expression;500;135,0;531,0;89,0176893666425;0,7135318584132803;51,0;149,0;221,0;313,0;12,898305084745763;7,0;75,43450728894399;0,6525463079951636;26,0;88,0;125,0;208,0;43,64595103578154;16,0
farashi;KNN;combo;binary;diff expression;1000;173,0;664,0;91,2742809545233;0,7301363923490933;53,0;159,0;239,0;347,0;16,73644578313253;9,0;76,37585887233766;0,659113417041547;31,0;99,0;164,0;294,0;84,50753012048193;14,0
farashi;KNN;combo;binary;diff expression;2000;194,0;736,0;91,93665753710279;0,7770906858712004;58,0;168,0;269,0;393,0;20,63858695652174;9,0;76,73302573610327;0,7137321379315734;23,0;63,0;121,0;232,0;92,43885869565217;29,0
farashi;KNN;combo;binary;no expression;100;54,0;55,0;74,76943346508564;0,7134259259259259;32,0;52,0;53,0;55,0;1,8727272727272728;1,0;72,92490118577076;0,6720679012345679;27,0;52,0;54,0;55,0;1,8545454545454545;2,0
farashi;KNN;combo;binary;no expression;500;135,0;144,0;82,0147966594045;0,7138189271446144;49,0;90,0;115,0;137,0;3,8055555555555554;2,5;73,21169208424111;0,6020975288316714;27,0;78,0;98,0;121,0;5,6875;3,0
farashi;KNN;combo;binary;no expression;1000;173,0;185,0;83,22639020313439;0,7230798936948015;45,0;95,0;129,0;158,0;5,816216216216216;3,0;74,61890717704671;0,6482112208055606;21,0;62,0;91,0;139,0;8,68108108108108;6,0
farashi;KNN;combo;binary;no expression;2000;194,0;208,0;84,980677764566;0,7582320986445584;42,0;93,0;126,0;166,0;8,01923076923077;4,0;79,02254387837027;0,7202466841768519;20,0;56,0;94,0;140,0;10,682692307692308;6,0
farashi;KNN;combo;normal;diff expression;100;54,0;215,0;80,6933385888845;0,6890548129583217;30,0;80,0;113,0;178,0;7,725581395348837;5,0;70,55340953882538;0,681956047526223;26,0;63,0;84,0;126,0;9,93953488372093;8,0
farashi;KNN;combo;normal;diff expression;500;135,0;531,0;89,20809758297295;0,7357667262981232;54,0;157,0;233,0;316,0;12,772128060263654;7,0;69,76304857660791;0,6172439540348122;31,0;88,0;119,0;148,0;63,46892655367232;21,0
farashi;KNN;combo;normal;diff expression;1000;173,0;664,0;91,34185826463695;0,7441122079821446;51,0;151,0;242,0;353,0;16,64156626506024;8,5;72,9423923543576;0,6581153109525062;24,0;76,0;108,0;145,0;88,97740963855422;33,0
farashi;KNN;combo;normal;diff expression;2000;194,0;736,0;91,9731980480409;0,7824031790807535;59,0;170,0;268,0;390,0;20,53804347826087;9,0;73,99596851780588;0,7161004348720069;12,0;49,0;88,0;132,0;96,16440217391305;61,0
farashi;KNN;combo;normal;no expression;100;54,0;55,0;76,95652173913045;0,7362654320987654;32,0;51,0;54,0;55,0;1,7454545454545454;1,0;78,39262187088273;0,7324074074074075;30,0;52,0;55,0;55,0;1,6727272727272726;1,0
farashi;KNN;combo;normal;no expression;500;135,0;144,0;80,78683072555621;0,7191089549207467;42,0;79,0;113,0;140,0;3,736111111111111;3,0;70,65446127946127;0,573388042766667;22,0;73,0;99,0;120,0;6,694444444444445;3,0
farashi;KNN;combo;normal;no expression;1000;173,0;185,0;83,78958565005077;0,7345014551519337;41,0;88,0;129,0;166,0;5,389189189189189;4,0;74,80808945925226;0,6597195721914054;25,0;63,0;97,0;134,0;8,562162162162162;5,0
farashi;KNN;combo;normal;no expression;2000;194,0;208,0;85,42736948280944;0,7717156285556491;27,0;83,0;112,0;174,0;7,600961538461538;5,0;75,43557603382216;0,7057454095588431;15,0;57,0;82,0;127,0;12,716346153846153;8,0
farashi;RF;combo;binary;diff expression;100;54,0;215,0;72,88963342530549;0,6353279030910609;28,0;73,0;104,0;164,0;15,511627906976743;6,0;58,18407567993693;0,4809489000278474;20,0;50,0;69,0;118,0;16,49767441860465;9,0
farashi;RF;combo;binary;diff expression;500;135,0;531,0;87,61562390675053;0,6802282960383651;48,0;145,0;230,0;353,0;20,853107344632768;7,0;71,74571227412703;0,5159885343216328;19,0;65,0;123,0;230,0;69,23728813559322;13,0
farashi;RF;combo;binary;diff expression;1000;173,0;664,0;88,022695332153;0,6737826771030316;55,0;148,0;220,0;352,0;33,756024096385545;9,0;69,83835361993455;0,5028617219637074;15,0;40,0;75,0;155,0;147,8644578313253;28,0
farashi;RF;combo;binary;diff expression;2000;194,0;736,0;87,49157175116447;0,7059114432345382;57,0;157,0;227,0;349,0;53,92798913043478;11,0;67,9158105019158;0,504737245844427;10,0;34,0;59,0;129,0;208,19701086956522;55,0
farashi;RF;combo;binary;no expression;100;54,0;55,0;76,54808959156786;0,7253086419753086;31,0;52,0;53,0;55,0;1,7636363636363637;1,0;61,66666666666666;0,48379629629629634;19,0;51,0;53,0;55,0;2,2363636363636363;2,0
farashi;RF;combo;binary;no expression;500;135,0;144,0;80,46498481547502;0,6938815351471632;54,0;93,0;111,0;131,0;4,263888888888889;2,0;68,49933155080214;0,528215758472281;26,0;63,0;82,0;117,0;6,763888888888889;4,0
farashi;RF;combo;binary;no expression;1000;173,0;185,0;81,4336825964733;0,7125546921418803;54,0;95,0;121,0;155,0;6,886486486486486;3,0;67,02813214441122;0,5282239005812941;12,0;38,0;69,0;118,0;12,064864864864864;8,0
farashi;RF;combo;binary;no expression;2000;194,0;208,0;80,96000767299816;0,720663603782029;42,0;88,0;111,0;146,0;10,8125;5,0;65,83089423458033;0,5384309431871278;6,0;25,0;46,0;88,0;19,5625;12,5
farashi;RF;combo;normal;diff expression;100;54,0;215,0;72,45092629089476;0,6529320987654322;29,0;74,0;106,0;166,0;16,56279069767442;6,0;62,44422546314545;0,5570291469414277;23,0;53,0;71,0;118,0;15,38139534883721;9,0
farashi;RF;combo;normal;diff expression;500;135,0;531,0;88,05564134577097;0,6895244946566419;50,0;152,0;230,0;344,0;17,815442561205273;7,0;71,59365055676122;0,5111015841604328;14,0;61,0;111,0;190,0;65,16007532956685;16,0
farashi;RF;combo;normal;diff expression;1000;173,0;664,0;89,21779882383301;0,6753859380050992;44,0;128,0;197,0;338,0;24,03463855421687;10,0;69,17161558040678;0,5221016248388393;15,0;47,0;78,0;184,0;154,15813253012047;39,5
farashi;RF;combo;normal;diff expression;2000;194,0;736,0;88,17032833288071;0,7152982137112767;46,0;132,0;201,0;344,0;40,78804347826087;12,0;66,66021459516091;0,5241181220776585;17,0;52,0;94,0;188,0;221,05027173913044;66,0
farashi;RF;combo;normal;no expression;100;54,0;55,0;72,91831357048748;0,7179012345679013;32,0;49,0;53,0;55,0;1,9454545454545455;1,0;65,07905138339922;0,5736111111111112;27,0;47,0;52,0;55,0;2,2363636363636363;2,0
farashi;RF;combo;normal;no expression;500;135,0;144,0;81,11548491450452;0,7027811916440112;55,0;95,0;110,0;132,0;4,125;2,0;69,88760150524857;0,5788030981901615;27,0;66,0;88,0;118,0;6,388888888888889;4,0
farashi;RF;combo;normal;no expression;1000;173,0;185,0;81,00890310192635;0,6965447067579054;45,0;85,0;117,0;151,0;6,616216216216216;4,0;69,2961092961093;0,545674946409243;16,0;55,0;79,0;128,0;11,827027027027027;7,0
farashi;RF;combo;normal;no expression;2000;194,0;208,0;80,41575200463429;0,71025126270871;45,0;83,0;101,0;143,0;10,966346153846153;6,0;67,58034416699697;0,5466925285289952;10,0;34,0;60,0;98,0;19,548076923076923;12,0
farashi p-value cutoff;LR;combo;binary;diff expression;100;24,0;73,0;69,13148821172305;0,5310672514619883;10,0;31,0;40,0;49,0;20,726027397260275;5,0;67,81753797409374;0,7554250208855472;13,0;32,0;39,0;39,0;23,068493150684933;4,0
farashi p-value cutoff;LR;combo;binary;diff expression;500;60,0;205,0;89,40639940037273;0,7095416083332402;20,0;60,0;82,0;97,0;18,55609756097561;13,0;71,86644113118872;0,5989771232470323;11,0;32,0;47,0;69,0;86,06829268292682;43,0
farashi p-value cutoff;LR;combo;binary;diff expression;1000;79,0;258,0;91,57166104241598;0,7296218295251395;25,0;69,0;102,0;126,0;21,488372093023255;11,5;78,7811690078767;0,6900722019537654;12,0;39,0;51,0;73,0;102,02713178294573;44,5
farashi p-value cutoff;LR;combo;binary;diff expression;2000;88,0;274,0;90,64444071341114;0,7602081579789192;31,0;81,0;112,0;135,0;30,01824817518248;12,0;81,26287156159447;0,761612595065062;18,0;54,0;69,0;84,0;97,75547445255475;44,5
farashi p-value cutoff;LR;combo;binary;no expression;100;24,0;25,0;65,40298507462687;0,5763888888888888;11,0;20,0;23,0;25,0;2,36;2,0;74,50746268656717;0,6916666666666668;8,0;25,0;25,0;25,0;1,8;2,0
farashi p-value cutoff;LR;combo;binary;no expression;500;60,0;62,0;78,92779036163398;0,646134149735713;21,0;31,0;47,0;54,0;5,129032258064516;3,5;75,50085917363117;0,6591012742143106;21,0;39,0;46,0;49,0;6,532258064516129;3,0
farashi p-value cutoff;LR;combo;binary;no expression;1000;79,0;83,0;74,09958830003434;0,610442564984;15,0;26,0;40,0;57,0;11,301204819277109;6,0;78,55520681081018;0,7099318479687485;19,0;41,0;49,0;58,0;9,072289156626505;4,0
farashi p-value cutoff;LR;combo;binary;no expression;2000;88,0;92,0;65,03371772093908;0,520418610485976;7,0;13,0;17,0;38,0;22,782608695652176;15,0;81,38499659191221;0,7642755012537024;20,0;41,0;49,0;58,0;11,01086956521739;5,0
farashi p-value cutoff;LR;combo;normal;diff expression;100;24,0;73,0;69,9934768427919;0,599122807017544;11,0;33,0;42,0;49,0;20,575342465753426;4,0;69,86301369863014;0,8195749791144529;15,0;33,0;39,0;39,0;19,21917808219178;4,0
farashi p-value cutoff;LR;combo;normal;diff expression;500;60,0;205,0;82,3799732598655;0,6323235161152764;17,0;48,0;71,0;90,0;47,66829268292683;14,0;72,90398873673121;0,6523893566271273;18,0;48,0;61,0;70,0;83,45853658536585;37,0
farashi p-value cutoff;LR;combo;normal;diff expression;1000;79,0;258,0;82,40426949517467;0,6177868646538331;15,0;49,0;71,0;102,0;102,09302325581395;14,0;78,63770091873043;0,6864722179598202;19,0;52,0;68,0;80,0;103,43023255813954;45,5
farashi p-value cutoff;LR;combo;normal;diff expression;2000;88,0;274,0;76,33077099924186;0,615929586687356;17,0;48,0;58,0;80,0;186,6094890510949;30,5;81,27399420133004;0,7653004563416613;17,0;50,0;66,0;84,0;97,66423357664233;44,0
farashi p-value cutoff;LR;combo;normal;no expression;100;24,0;25,0;62,98507462686567;0,4826388888888889;9,0;21,0;23,0;25,0;2,44;2,0;83,13432835820895;0,8319444444444445;15,0;24,0;25,0;25,0;1,56;1,0
farashi p-value cutoff;LR;combo;normal;no expression;500;60,0;62,0;71,17374834023276;0,565173713163698;11,0;21,0;39,0;49,0;6,596774193548387;4,0;75,46668749511834;0,6543596845194162;20,0;39,0;46,0;49,0;6,532258064516129;3,0
farashi p-value cutoff;LR;combo;normal;no expression;1000;79,0;83,0;70,89741275396413;0,5633344050260336;10,0;20,0;34,0;53,0;12,566265060240964;7,0;78,57354987858636;0,7009676839980167;21,0;41,0;48,0;58,0;9,048192771084338;4,0
farashi p-value cutoff;LR;combo;normal;no expression;2000;88,0;92,0;64,65226330550993;0,517793504926678;6,0;12,0;16,0;37,0;22,967391304347824;16,5;81,43192763679842;0,7643710212318106;19,0;41,0;49,0;58,0;10,967391304347826;5,0
farashi p-value cutoff;SVM;combo;binary;diff expression;100;24,0;73,0;63,24899822942876;0,6463972431077695;12,0;30,0;37,0;39,0;27,21917808219178;5,0;62,447581772435;0,5838189223057644;8,0;17,0;26,0;39,0;21,10958904109589;8,0
farashi p-value cutoff;SVM;combo;binary;diff expression;500;60,0;205,0;89,25183331982822;0,6868349760249307;21,0;60,0;77,0;102,0;19,102439024390243;11,0;56,776851551738105;0,4528622786055641;7,0;19,0;33,0;66,0;156,10243902439024;118,0
farashi p-value cutoff;SVM;combo;binary;diff expression;1000;79,0;258,0;89,93560729911897;0,7076394711167403;25,0;70,0;95,0;135,0;35,84108527131783;10,0;61,00343007318724;0,5109264453004209;6,0;17,0;33,0;61,0;279,99612403100775;145,5
farashi p-value cutoff;SVM;combo;binary;diff expression;2000;88,0;274,0;87,62459872938184;0,7140274045582241;27,0;75,0;102,0;127,0;56,64233576642336;15,0;60,94956944815198;0,4406818200468164;0,0;4,0;11,0;32,0;351,63868613138686;167,0
farashi p-value cutoff;SVM;combo;binary;no expression;100;24,0;25,0;68,8955223880597;0,6256944444444444;11,0;22,0;25,0;25,0;2,08;2,0;62,44776119402985;0,49722222222222223;6,0;22,0;24,0;25,0;2,32;2,0
farashi p-value cutoff;SVM;combo;binary;no expression;500;60,0;62,0;84,47043661641803;0,7178377772259966;23,0;42,0;52,0;59,0;3,8870967741935485;2,0;70,5986878075451;0,5352587674175224;5,0;25,0;42,0;50,0;7,209677419354839;4,0
farashi p-value cutoff;SVM;combo;binary;no expression;1000;79,0;83,0;84,06249454075365;0,7144230952303832;26,0;43,0;55,0;69,0;6,734939759036145;3,0;67,5109330507142;0,5064653747429098;9,0;19,0;29,0;50,0;14,855421686746988;9,0
farashi p-value cutoff;SVM;combo;binary;no expression;2000;88,0;92,0;85,3868458985619;0,7773645892877799;31,0;47,0;55,0;70,0;9,315217391304348;3,0;63,91840702624787;0,48462241946123624;3,0;11,0;19,0;37,0;24,02173913043478;15,5
farashi p-value cutoff;SVM;combo;normal;diff expression;100;24,0;73,0;64,46044171093095;0,6326649958228905;10,0;18,0;24,0;39,0;19,602739726027398;8,0;67,06271549715777;0,5180816624895571;6,0;16,0;25,0;39,0;15,753424657534246;8,0
farashi p-value cutoff;SVM;combo;normal;diff expression;500;60,0;205,0;85,40955959808767;0,6871101028200794;16,0;55,0;77,0;103,0;35,64878048780488;10,0;59,8718195446074;0,45616370381194643;6,0;28,0;48,0;65,0;145,14146341463416;107,0
farashi p-value cutoff;SVM;combo;normal;diff expression;1000;79,0;258,0;83,71810268421734;0,6675815658676316;16,0;50,0;73,0;126,0;85,0813953488372;11,5;61,96373403634754;0,4596940526028555;3,0;11,0;27,0;54,0;265,3914728682171;124,5
farashi p-value cutoff;SVM;combo;normal;diff expression;2000;88,0;274,0;83,48865772587615;0,6886875289680799;18,0;51,0;67,0;107,0;98,49270072992701;22,5;60,85770952939457;0,44168956793853204;1,0;4,0;11,0;30,0;365,3649635036496;128,5
farashi p-value cutoff;SVM;combo;normal;no expression;100;24,0;25,0;79,5820895522388;0,7743055555555555;16,0;22,0;24,0;25,0;1,8;1,0;78,23880597014924;0,7638888888888888;15,0;22,0;24,0;25,0;1,84;1,0
farashi p-value cutoff;SVM;combo;normal;no expression;500;60,0;62,0;80,03495274545028;0,6829716168438656;17,0;35,0;46,0;55,0;4,645161290322581;3,0;68,57962977427165;0,5546143359538137;9,0;31,0;38,0;46,0;8,048387096774194;3,5
farashi p-value cutoff;SVM;combo;normal;no expression;1000;79,0;83,0;77,34864057486593;0,6432733473133981;15,0;27,0;40,0;61,0;9,108433734939759;6,0;68,84706540031561;0,49521286733875874;5,0;19,0;33,0;55,0;14,024096385542169;7,0
farashi p-value cutoff;SVM;combo;normal;no expression;2000;88,0;92,0;78,08543684980948;0,6766489613205796;16,0;28,0;35,0;51,0;13,706521739130435;8,0;60,72025186327422;0,41221488391254524;1,0;6,0;13,0;35,0;27,815217391304348;14,0
farashi p-value cutoff;DT;combo;binary;diff expression;100;24,0;73,0;69,09654272667971;0,5623433583959899;12,0;32,0;41,0;49,0;22,28767123287671;4,0;78,2708974000559;0,8007205513784461;15,0;34,0;42,0;49,0;11,712328767123287;4,0
farashi p-value cutoff;DT;combo;binary;diff expression;500;60,0;205,0;89,98819990276314;0,7595072288943691;25,0;62,0;86,0;109,0;17,8;9,0;70,18728222996515;0,6175160334536074;15,0;41,0;60,0;77,0;96,53170731707317;54,0
farashi p-value cutoff;DT;combo;binary;diff expression;1000;79,0;258,0;91,07735418247523;0,7254621954340028;26,0;74,0;104,0;125,0;24,04263565891473;11,5;77,32014907520319;0,6502846480107991;11,0;31,0;44,0;70,0;112,63178294573643;74,0
farashi p-value cutoff;DT;combo;binary;diff expression;2000;88,0;274,0;90,21854930178009;0,7700325958832263;30,0;80,0;113,0;138,0;32,23357664233577;10,0;79,0605888939486;0,7199933735253788;5,0;19,0;34,0;65,0;108,72262773722628;61,0
farashi p-value cutoff;DT;combo;binary;no expression;100;24,0;25,0;66,74626865671642;0,579861111111111;12,0;20,0;23,0;25,0;2,32;2,0;78,80597014925372;0,7715277777777779;13,0;24,0;25,0;25,0;1,72;1,0
farashi p-value cutoff;DT;combo;binary;no expression;500;60,0;62,0;86,74529407170195;0,7622411095407577;23,0;39,0;53,0;60,0;3,1129032258064515;2,0;77,0288213699914;0,6899706416641009;20,0;39,0;45,0;51,0;5,854838709677419;3,0
farashi p-value cutoff;DT;combo;binary;no expression;1000;79,0;83,0;86,1981517175517;0,7505060352160813;27,0;47,0;61,0;71,0;5,783132530120482;2,0;77,03185870596936;0,6910815302451966;10,0;31,0;42,0;61,0;9,457831325301205;5,0
farashi p-value cutoff;DT;combo;binary;no expression;2000;88,0;92,0;85,70726202049323;0,7615986510881393;30,0;47,0;52,0;72,0;9,01086956521739;2,5;79,14375984713888;0,7332430906030674;9,0;28,0;37,0;56,0;12,141304347826088;8,0
farashi p-value cutoff;DT;combo;normal;diff expression;100;24,0;73,0;69,70226446743081;0,6630378028404343;14,0;34,0;42,0;49,0;22,205479452054796;4,0;63,06262230919766;0,7595655806182121;14,0;30,0;38,0;39,0;27,054794520547944;4,0
farashi p-value cutoff;DT;combo;normal;diff expression;500;60,0;205,0;89,84234462361233;0,7371617819436588;25,0;62,0;84,0;107,0;17,965853658536584;9,0;69,16533303622073;0,658304685337152;17,0;41,0;57,0;73,0;99,79512195121951;76,0
farashi p-value cutoff;DT;combo;normal;diff expression;1000;79,0;258,0;91,19333507441763;0,7374345242734937;24,0;71,0;106,0;127,0;23,771317829457363;11,0;76,42595833324765;0,6747555326457565;14,0;34,0;47,0;85,0;118,96124031007751;67,5
farashi p-value cutoff;DT;combo;normal;diff expression;2000;88,0;274,0;90,27565222958096;0,7700716378220299;30,0;84,0;114,0;138,0;32,07299270072993;9,5;78,16146690808331;0,7433533825852877;9,0;27,0;45,0;90,0;122,77372262773723;65,5
farashi p-value cutoff;DT;combo;normal;no expression;100;24,0;25,0;70,98507462686567;0,6666666666666666;13,0;20,0;23,0;25,0;2,2;1,0;75,25373134328358;0,7138888888888889;14,0;22,0;24,0;25,0;1,96;1,0
farashi p-value cutoff;DT;combo;normal;no expression;500;60,0;62,0;82,55682261969851;0,6737840592709418;21,0;34,0;48,0;58,0;4,064516129032258;2,0;71,88061391861282;0,603997573965913;16,0;32,0;41,0;48,0;7,258064516129032;3,0
farashi p-value cutoff;DT;combo;normal;no expression;1000;79,0;83,0;85,68105190214702;0,7308785908064329;27,0;47,0;58,0;71,0;5,951807228915663;3,0;74,78468732348438;0,653616435518204;15,0;29,0;41,0;55,0;10,506024096385541;6,0
farashi p-value cutoff;DT;combo;normal;no expression;2000;88,0;92,0;86,27811672421306;0,7727628356329351;28,0;49,0;55,0;72,0;8,673913043478262;3,0;78,03641066899087;0,7222996608641276;7,0;28,0;38,0;53,0;12,858695652173912;7,0
farashi p-value cutoff;KNN;combo;binary;diff expression;100;24,0;73,0;75,53350107166155;0,631970551378446;12,0;31,0;41,0;49,0;13,863013698630137;4,0;79,023390177989;0,8395833333333332;15,0;35,0;43,0;49,0;11,301369863013699;4,0
farashi p-value cutoff;KNN;combo;binary;diff expression;500;60,0;205,0;89,86402033870836;0,7233958397094014;23,0;63,0;85,0;105,0;17,95609756097561;9,0;73,38921076087837;0,6181977391326897;14,0;42,0;55,0;84,0;80,29756097560976;32,0
farashi p-value cutoff;KNN;combo;binary;diff expression;1000;79,0;258,0;91,03127371284859;0,719537147474212;25,0;72,0;103,0;124,0;24,112403100775193;12,0;78,41842026073765;0,6923082469104718;11,0;34,0;57,0;101,0;109,80232558139535;46,0
farashi p-value cutoff;KNN;combo;binary;diff expression;2000;88,0;274,0;90,24899815716482;0,7668970280435982;28,0;84,0;116,0;139,0;32,175182481751825;9,5;78,75372482609426;0,734011868773339;10,0;41,0;54,0;76,0;115,02189781021897;67,5
farashi p-value cutoff;KNN;combo;binary;no expression;100;24,0;25,0;75,52238805970148;0,736111111111111;15,0;21,0;24,0;25,0;1,96;1,0;79,5223880597015;0,7715277777777777;14,0;24,0;25,0;25,0;1,68;1,0
farashi p-value cutoff;KNN;combo;binary;no expression;500;60,0;62,0;82,29711786300086;0,7212505229787121;20,0;36,0;47,0;58,0;4,129032258064516;2,0;74,03831133328126;0,649526031087215;16,0;33,0;42,0;52,0;6,532258064516129;3,0
farashi p-value cutoff;KNN;combo;binary;no expression;1000;79,0;83,0;85,44055390241489;0,7515408153673274;29,0;44,0;57,0;70,0;5,951807228915663;3,0;77,18675572274599;0,6853442195865729;15,0;33,0;42,0;60,0;9,650602409638553;5,0
farashi p-value cutoff;KNN;combo;binary;no expression;2000;88,0;92,0;83,40051735889958;0,7504851795626039;19,0;41,0;47,0;64,0;10,119565217391305;5,0;79,45900796710357;0,7282530105283302;14,0;32,0;43,0;60,0;12,326086956521738;7,0
farashi p-value cutoff;KNN;combo;normal;diff expression;100;24,0;73,0;72,30220855465474;0,6284983291562238;13,0;30,0;37,0;39,0;15,41095890410959;5,0;66,94856024601621;0,8369883040935672;16,0;34,0;39,0;39,0;24,465753424657535;4,0
farashi p-value cutoff;KNN;combo;normal;diff expression;500;60,0;205,0;89,92636334170649;0,7282103761425858;25,0;65,0;86,0;105,0;17,897560975609757;10,0;67,81485495502795;0,6181364052081708;19,0;43,0;61,0;71,0;105,1219512195122;80,0
farashi p-value cutoff;KNN;combo;normal;diff expression;1000;79,0;258,0;91,01955223972674;0,7271316617624178;27,0;71,0;105,0;123,0;24,162790697674417;12,5;73,82855529073709;0,6746690753365648;16,0;46,0;62,0;88,0;145,2015503875969;106,5
farashi p-value cutoff;KNN;combo;normal;diff expression;2000;88,0;274,0;90,21854930178007;0,7657739182078065;29,0;81,0;113,0;137,0;32,23357664233577;10,5;74,32754835278236;0,7171170208136083;7,0;28,0;39,0;61,0;153,25547445255475;84,0
farashi p-value cutoff;KNN;combo;normal;no expression;100;24,0;25,0;72,56716417910447;0,6409722222222222;12,0;22,0;24,0;25,0;2,04;2,0;64,44776119402985;0,5263888888888889;9,0;22,0;25,0;25,0;2,2;2,0
farashi p-value cutoff;KNN;combo;normal;no expression;500;60,0;62,0;80,85409669608686;0,6877802592469535;18,0;29,0;43,0;61,0;4,064516129032258;4,0;70,22475201124738;0,5706155876061229;11,0;31,0;41,0;47,0;7,67741935483871;3,5
farashi p-value cutoff;KNN;combo;normal;no expression;1000;79,0;83,0;82,95579611825747;0,7086049186955381;18,0;34,0;52,0;68,0;6,602409638554217;4,0;74,77595252930523;0,6337515154258242;11,0;25,0;40,0;56,0;10,409638554216867;6,0
farashi p-value cutoff;KNN;combo;normal;no expression;2000;88,0;92,0;83,64020090956834;0,7424155627397425;18,0;37,0;48,0;67,0;10,021739130434783;5,0;76,56241270266948;0,7086770126171239;5,0;20,0;30,0;51,0;13,565217391304348;8,0
farashi p-value cutoff;RF;combo;binary;diff expression;100;24,0;73,0;66,79247041282265;0,7195749791144528;14,0;31,0;37,0;39,0;21,986301369863014;5,0;66,07725281893579;0,7102078111946533;14,0;31,0;37,0;39,0;22,136986301369863;5,0
farashi p-value cutoff;RF;combo;binary;diff expression;500;60,0;205,0;89,60436755530345;0,7278043701295481;23,0;64,0;85,0;106,0;19,009756097560974;9,0;59,74009399562434;0,5230433965542652;7,0;23,0;41,0;72,0;143,75121951219512;69,0
farashi p-value cutoff;RF;combo;binary;diff expression;1000;79,0;258,0;90,02679144894546;0,7336314660034831;28,0;73,0;99,0;139,0;32,41085271317829;9,0;60,528950324945285;0,5470773800393566;8,0;26,0;41,0;61,0;290,4108527131783;97,5
farashi p-value cutoff;RF;combo;binary;diff expression;2000;88,0;274,0;87,6031285116841;0,7315230347779322;30,0;81,0;106,0;128,0;58,31021897810219;14,0;57,956492259649316;0,48565013778747085;6,0;15,0;23,0;45,0;421,02919708029196;98,5
farashi p-value cutoff;RF;combo;binary;no expression;100;24,0;25,0;76,11940298507463;0,7354166666666666;15,0;20,0;25,0;25,0;1,88;1,0;74,77611940298507;0,6833333333333332;14,0;20,0;25,0;25,0;1,92;1,0
farashi p-value cutoff;RF;combo;binary;no expression;500;60,0;62,0;82,4669999218933;0,7078968937511562;22,0;39,0;47,0;55,0;4,193548387096774;2,0;70,28137936421152;0,557384338601738;6,0;29,0;39,0;49,0;7,274193548387097;4,0
farashi p-value cutoff;RF;combo;binary;no expression;1000;79,0;83,0;82,15073925474736;0,6968926472596236;25,0;44,0;53,0;67,0;7,710843373493976;3,0;68,0358941808801;0,45861321857761866;5,0;19,0;29,0;52,0;14,698795180722891;9,0
farashi p-value cutoff;RF;combo;binary;no expression;2000;88,0;92,0;81,39645000167611;0,7154129377071133;31,0;46,0;50,0;62,0;12,358695652173912;3,5;64,888454962958;0,47992643859464396;3,0;13,0;24,0;33,0;24,01086956521739;15,0
farashi p-value cutoff;RF;combo;normal;diff expression;100;24,0;73,0;64,53965147702917;0,7728644527986633;15,0;32,0;38,0;39,0;30,315068493150687;4,0;65,83729382163824;0,6977600250626566;14,0;30,0;38,0;39,0;23,47945205479452;4,0
farashi p-value cutoff;RF;combo;normal;diff expression;500;60,0;205,0;89,21222956000324;0,737373720452651;23,0;67,0;88,0;108,0;21,278048780487804;9,0;57,181751883964026;0,5023097567611395;5,0;26,0;43,0;54,0;152,02439024390245;105,0
farashi p-value cutoff;RF;combo;normal;diff expression;1000;79,0;258,0;90,03691921300246;0,7285572477959541;25,0;72,0;100,0;139,0;34,348837209302324;8,0;62,47654848542802;0,5491863936860504;6,0;21,0;40,0;63,0;271,4651162790698;51,0
farashi p-value cutoff;RF;combo;normal;diff expression;2000;88,0;274,0;87,21048423041198;0,7311202958507811;25,0;69,0;88,0;116,0;64,00729927007299;16,0;60,69513780598332;0,529254282437498;5,0;17,0;22,0;43,0;381,4744525547445;65,0
farashi p-value cutoff;RF;combo;normal;no expression;100;24,0;25,0;73,13432835820895;0,6909722222222222;13,0;21,0;24,0;25,0;2,04;1,0;70,955223880597;0,6201388888888889;11,0;21,0;24,0;25,0;2,08;2,0
farashi p-value cutoff;RF;combo;normal;no expression;500;60,0;62,0;82,49433726470359;0,6976304507097927;24,0;40,0;49,0;55,0;4,290322580645161;2,0;70,45321409044756;0,5399667511943601;7,0;27,0;37,0;50,0;7,080645161290323;4,5
farashi p-value cutoff;RF;combo;normal;no expression;1000;79,0;83,0;81,32850396268496;0,6854472500741166;20,0;34,0;48,0;67,0;7,578313253012048;5,0;70,95680935438224;0,5298580772796475;6,0;18,0;29,0;57,0;12,421686746987952;8,0
farashi p-value cutoff;RF;combo;normal;no expression;2000;88,0;92,0;80,41732314259215;0,6931687083791845;25,0;39,0;45,0;59,0;12,456521739130435;6,5;65,6914507279899;0,4787775863473081;5,0;8,0;15,0;34,0;23,554347826086957;14,5
DeRycke;LR;combo;binary;diff expression;100;29,0;97,0;63,17154383044119;0,7180829228243022;20,0;49,0;57,0;63,0;10,144329896907216;3,0;66,96548632900044;0,7444786535303778;20,0;48,0;56,0;72,0;7,979381443298969;4,0
DeRycke;LR;combo;binary;diff expression;500;76,0;312,0;81,76859004022354;0,8168181613330225;51,0;141,0;179,0;211,0;13,51923076923077;4,0;65,53508287948361;0,5791136983462374;21,0;64,0;99,0;154,0;26,891025641025642;11,0
DeRycke;LR;combo;binary;diff expression;1000;95,0;427,0;84,02498861403623;0,7884271266843019;56,0;155,0;210,0;255,0;14,454332552693208;6,0;66,45854547654773;0,6215310514823744;20,0;62,0;90,0;158,0;55,07494145199063;21,0
DeRycke;LR;combo;binary;diff expression;2000;106,0;463,0;83,43375835120163;0,7927574246409872;61,0;165,0;215,0;253,0;29,94168466522678;6,0;71,72209094201294;0,7226661514830173;12,0;49,0;82,0;149,0;60,73002159827214;22,0
DeRycke;LR;combo;binary;no expression;100;29,0;36,0;67,989417989418;0,6786833855799373;17,0;31,0;34,0;36,0;2,138888888888889;2,0;65,85097001763668;0,5890282131661441;13,0;33,0;35,0;36,0;2,138888888888889;2,0
DeRycke;LR;combo;binary;no expression;500;76,0;116,0;76,67146156651403;0,676903922495901;38,0;63,0;83,0;100,0;5,077586206896552;3,0;70,84869727298513;0,5969841402693272;23,0;62,0;80,0;94,0;6,353448275862069;3,0
DeRycke;LR;combo;binary;no expression;1000;95,0;157,0;66,48814486277385;0,5792841682991365;22,0;45,0;62,0;104,0;11,64968152866242;7,0;72,50741988194885;0,6463537562035149;29,0;66,0;83,0;110,0;9,885350318471337;5,0
DeRycke;LR;combo;binary;no expression;2000;106,0;175,0;59,47382500464424;0,5330543039386172;10,0;25,0;36,0;64,0;22,33142857142857;16,0;76,75370611183355;0,7424952823130134;27,0;61,0;82,0;108,0;12,24;7,0
DeRycke;LR;combo;normal;diff expression;100;29,0;97,0;63,47890119741307;0,6517857142857144;18,0;47,0;59,0;67,0;10,268041237113403;4,0;66,82781584171096;0,7516625615763547;19,0;48,0;60,0;71,0;8,350515463917526;4,0
DeRycke;LR;combo;normal;diff expression;500;76,0;312,0;73,48093831203502;0,6784691296450622;41,0;108,0;129,0;182,0;23,903846153846153;8,0;67,2913032902621;0,611326940909768;24,0;67,0;103,0;158,0;25,44871794871795;10,0
DeRycke;LR;combo;normal;diff expression;1000;95,0;427,0;73,80271490156477;0,6560341454776344;38,0;104,0;145,0;203,0;45,40983606557377;11,0;66,75221187883177;0,6340835767857375;25,0;67,0;99,0;161,0;54,985948477751755;21,0
DeRycke;LR;combo;normal;diff expression;2000;106,0;463,0;70,98583259298243;0,6178341030641619;27,0;81,0;103,0;151,0;70,9438444924406;18,0;72,24271394838473;0,740043864111461;26,0;69,0;97,0;154,0;60,09719222462203;22,0
DeRycke;LR;combo;normal;no expression;100;29,0;36,0;59,23721340388008;0,47648902821316613;11,0;28,0;34,0;36,0;2,361111111111111;2,0;77,09435626102292;0,7921630094043887;20,0;33,0;36,0;36,0;1,8055555555555556;1,0
DeRycke;LR;combo;normal;no expression;500;76,0;116,0;63,86857247052149;0,5527247167312447;22,0;41,0;63,0;85,0;7,474137931034483;5,0;72,3702338020179;0,6326236665360897;32,0;64,0;80,0;95,0;6,163793103448276;3,0
DeRycke;LR;combo;normal;no expression;1000;95,0;157,0;62,10591256211024;0,5605683533661215;15,0;34,0;50,0;95,0;13,21656050955414;8,0;72,20895721479307;0,6440421407636265;31,0;64,0;82,0;109,0;9,9171974522293;5,0
DeRycke;LR;combo;normal;no expression;2000;106,0;175,0;58,58688463681961;0,5273394998747564;8,0;23,0;35,0;62,0;22,84;16,0;76,93746981237229;0,7444086135009257;31,0;64,0;82,0;109,0;12,17142857142857;7,0
DeRycke;SVM;combo;binary;diff expression;100;29,0;97,0;64,56745853877185;0,7234811165845647;19,0;50,0;58,0;63,0;8,845360824742269;3,0;50,40020490491132;0,4514367816091954;10,0;30,0;43,0;59,0;10,597938144329897;7,0
DeRycke;SVM;combo;binary;diff expression;500;76,0;312,0;81,01209969268737;0,7363514594600895;43,0;117,0;166,0;207,0;12,115384615384615;5,0;52,82654931833552;0,4815790624068135;8,0;29,0;63,0;121,0;52,6025641025641;16,0
DeRycke;SVM;combo;binary;diff expression;1000;95,0;427,0;83,55597133410662;0,7635683737042388;54,0;151,0;197,0;256,0;18,35128805620609;7,0;52,617059668078646;0,45025356152283424;9,0;32,0;53,0;89,0;106,07728337236534;24,0
DeRycke;SVM;combo;binary;diff expression;2000;106,0;463,0;83,63152540076649;0,7839383080715865;53,0;146,0;195,0;247,0;27,155507559395247;9,0;50,94266644434428;0,42841375590716035;2,0;7,0;12,0;44,0;169,03239740820734;45,0
DeRycke;SVM;combo;binary;no expression;100;29,0;36,0;71,82539682539682;0,6683385579937304;18,0;32,0;35,0;36,0;2,0277777777777777;1,5;56,393298059964735;0,44681295715778474;11,0;29,0;35,0;36,0;2,4722222222222223;2,0
DeRycke;SVM;combo;binary;no expression;500;76,0;116,0;82,92526034280158;0,7345631515764425;42,0;81,0;94,0;106,0;4,129310344827586;2,0;67,17604035819927;0,5965609743414952;18,0;51,0;78,0;89,0;7,448275862068965;4,0
DeRycke;SVM;combo;binary;no expression;1000;95,0;157,0;82,97095408010138;0,7719301656342765;51,0;96,0;107,0;131,0;6,280254777070064;3,0;62,13809317370861;0,5093537108102756;20,0;31,0;52,0;95,0;14,630573248407643;8,0
DeRycke;SVM;combo;binary;no expression;2000;106,0;175,0;84,20739364666544;0,8130087992866301;56,0;102,0;112,0;134,0;9,09142857142857;2,0;57,18870518298347;0,457575801616314;0,0;20,0;32,0;57,0;25,845714285714287;17,0
DeRycke;SVM;combo;normal;diff expression;100;29,0;97,0;71,70391240315041;0,7785098522167487;21,0;51,0;64,0;78,0;7,319587628865979;3,0;55,349939168854455;0,4835591133004926;11,0;30,0;44,0;68,0;8,824742268041238;6,0
DeRycke;SVM;combo;normal;diff expression;500;76,0;312,0;75,66512713724653;0,6851030991019013;39,0;112,0;151,0;194,0;21,75;6,0;54,646694312936795;0,5086491727214782;11,0;51,0;89,0;129,0;51,006410256410255;20,0
DeRycke;SVM;combo;normal;diff expression;1000;95,0;427,0;77,60738570298183;0,6815042742965189;37,0;104,0;145,0;217,0;32,175644028103044;10,0;52,889126744655634;0,5208525005444514;7,0;22,0;47,0;105,0;115,11943793911007;23,0
DeRycke;SVM;combo;normal;diff expression;2000;106,0;463,0;77,92994413281677;0,7128545587034013;40,0;111,0;138,0;187,0;45,60259179265659;15,0;50,683630472409014;0,49079274700111725;3,0;9,0;13,0;74,0;169,17494600431965;58,0
DeRycke;SVM;combo;normal;no expression;100;29,0;36,0;67,21781305114638;0,6373040752351098;17,0;31,0;35,0;36,0;2,1666666666666665;2,0;54,87213403880071;0,4246603970741901;10,0;30,0;35,0;36,0;2,4722222222222223;2,0
DeRycke;SVM;combo;normal;no expression;500;76,0;116,0;74,75738482110297;0,6664361361579143;35,0;65,0;81,0;98,0;5,663793103448276;3,0;63,885287086186636;0,527298166199584;15,0;54,0;59,0;83,0;7,879310344827586;5,0
DeRycke;SVM;combo;normal;no expression;1000;95,0;157,0;73,29309367392536;0,6439686778031452;32,0;69,0;90,0;113,0;10,261146496815286;4,0;65,47520592256645;0,5827367067593932;15,0;45,0;67,0;101,0;12,904458598726114;8,0
DeRycke;SVM;combo;normal;no expression;2000;106,0;175,0;72,57410365966933;0,6955585748186313;34,0;68,0;84,0;101,0;16,074285714285715;6,0;62,867620286085824;0,5342528299361392;7,0;28,0;45,0;82,0;22,34285714285714;12,0
DeRycke;DT;combo;binary;diff expression;100;29,0;97,0;62,14381763462893;0,6840106732348112;18,0;44,0;54,0;65,0;9,092783505154639;4,0;66,1074470128706;0,5942528735632184;15,0;39,0;51,0;81,0;6,072164948453608;5,0
DeRycke;DT;combo;binary;diff expression;500;76,0;312,0;84,5171246692533;0,8383645783728403;54,0;144,0;186,0;223,0;10,634615384615385;4,0;61,300487072699006;0,5794958015715144;20,0;62,0;96,0;147,0;32,43269230769231;12,0
DeRycke;DT;combo;binary;diff expression;1000;95,0;427,0;86,03865083247693;0,8393503445167996;62,0;162,0;225,0;274,0;12,62295081967213;5,0;64,31005749970332;0,6443063650789959;20,0;58,0;88,0;163,0;59,61592505854801;25,0
DeRycke;DT;combo;binary;diff expression;2000;106,0;463,0;86,62283615621969;0,8521525581866012;62,0;175,0;234,0;278,0;18,120950323974082;5,0;67,31309504889789;0,6969994940986066;15,0;35,0;67,0;121,0;70,10799136069114;29,0
DeRycke;DT;combo;binary;no expression;100;29,0;36,0;66,93121693121694;0,6812957157784743;17,0;31,0;34,0;36,0;2,2222222222222223;2,0;70,5246913580247;0,6149425287356323;15,0;34,0;35,0;35,0;2,111111111111111;2,0
DeRycke;DT;combo;binary;no expression;500;76,0;116,0;85,26733254994126;0,8147338486677964;50,0;82,0;96,0;110,0;3,6293103448275863;2,0;68,29946513229872;0,6031484984017519;24,0;58,0;75,0;89,0;6,810344827586207;3,5
DeRycke;DT;combo;binary;no expression;1000;95,0;157,0;85,74749057925101;0,8389934022878962;63,0;101,0;109,0;136,0;5,076433121019108;2,0;68,97522259645847;0,6227007966007367;14,0;51,0;77,0;105,0;10,898089171974522;6,0
DeRycke;DT;combo;binary;no expression;2000;106,0;175,0;86,70183912316553;0,8435532321130789;62,0;106,0;113,0;137,0;7,28;2,0;74,05164406464797;0,6866218249401782;7,0;34,0;53,0;109,0;13,06857142857143;8,0
DeRycke;DT;combo;normal;diff expression;100;29,0;97,0;64,64429788051483;0,7402504105090311;19,0;46,0;54,0;70,0;8,8659793814433;4,0;67,66024204392649;0,7245484400656814;20,0;51,0;61,0;66,0;8,43298969072165;3,0
DeRycke;DT;combo;normal;diff expression;500;76,0;312,0;83,9118434010845;0,8638463480607672;55,0;144,0;188,0;224,0;12,310897435897436;4,0;65,66389610697802;0,6000108230069574;19,0;58,0;90,0;159,0;27,137820512820515;10,0
DeRycke;DT;combo;normal;diff expression;1000;95,0;427,0;85,90760085196558;0,8584802503368382;61,0;162,0;227,0;274,0;12,843091334894613;5,0;62,64088224685519;0,6454180185179113;15,0;47,0;82,0;156,0;63,63700234192037;21,0
DeRycke;DT;combo;normal;diff expression;2000;106,0;463,0;86,78057866347773;0,8493267229648662;64,0;172,0;236,0;280,0;17,93304535637149;5,0;67,84799314969156;0,7092905045910906;11,0;29,0;62,0;135,0;70,00215982721382;29,0
DeRycke;DT;combo;normal;no expression;100;29,0;36,0;70,03968253968253;0,7564263322884012;19,0;30,0;35,0;36,0;2,0833333333333335;1,0;74,77954144620811;0,7200626959247649;21,0;31,0;35,0;36,0;2,0;1,0
DeRycke;DT;combo;normal;no expression;500;76,0;116,0;84,50048624336482;0,8321357479115924;51,0;78,0;91,0;110,0;3,689655172413793;2,0;67,72053162607885;0,5575005470797919;24,0;51,0;69,0;92,0;6,853448275862069;4,0
DeRycke;DT;combo;normal;no expression;1000;95,0;157,0;87,31750425184246;0,8466490988174314;59,0;100,0;114,0;143,0;4,420382165605096;2,0;68,39747223796978;0,5934589787659912;19,0;47,0;69,0;104,0;11,038216560509554;6,0
DeRycke;DT;combo;normal;no expression;2000;106,0;175,0;86,88448820360394;0,8424511226424851;63,0;102,0;109,0;137,0;7,017142857142857;2,0;73,52487460523871;0,7125554303060312;14,0;49,0;67,0;101,0;13,82857142857143;9,0
DeRycke;KNN;combo;binary;diff expression;100;29,0;97,0;70,14471409361592;0,7268062397372742;19,0;53,0;66,0;73,0;8,65979381443299;3,0;65,87052570916309;0,6609195402298851;15,0;41,0;57,0;75,0;7,030927835051546;4,0
DeRycke;KNN;combo;binary;diff expression;500;76,0;312,0;83,79585958542461;0,823736634834682;50,0;140,0;186,0;224,0;12,21474358974359;4,0;60,64611291068949;0,5685383773934999;12,0;34,0;70,0;135,0;31,55128205128205;13,5
DeRycke;KNN;combo;binary;diff expression;1000;95,0;427,0;85,4897793679301;0,8072346596916898;58,0;159,0;223,0;270,0;13,142857142857142;5,0;61,2933047718797;0,59577602463149;8,0;28,0;58,0;121,0;63,459016393442624;25,0
DeRycke;KNN;combo;binary;diff expression;2000;106,0;463,0;86,29841699515667;0,836175695509028;65,0;171,0;229,0;276,0;18,47732181425486;6,0;66,48107958359712;0,6715194673253864;5,0;20,0;47,0;101,0;70,69114470842332;35,0
DeRycke;KNN;combo;binary;no expression;100;29,0;36,0;70,34832451499118;0,6593521421107628;16,0;31,0;34,0;35,0;2,1944444444444446;2,0;75,41887125220458;0,6705329153605015;18,0;33,0;35,0;35,0;2,0;1,5
DeRycke;KNN;combo;binary;no expression;500;76,0;116,0;80,02046274160217;0,7776072716395298;39,0;71,0;88,0;106,0;4,474137931034483;2,5;68,12472142307224;0,5459874177656602;18,0;58,0;74,0;91,0;7,043103448275862;3,5
DeRycke;KNN;combo;binary;no expression;1000;95,0;157,0;80,76683229399406;0,7914257281253133;45,0;72,0;102,0;125,0;6,24203821656051;4,0;66,24987494580985;0,6018971052353652;22,0;51,0;69,0;99,0;12,114649681528663;7,0
DeRycke;KNN;combo;binary;no expression;2000;106,0;175,0;82,40148616013376;0,8067922571849999;42,0;80,0;101,0;121,0;9,182857142857143;4,0;70,52320267508824;0,6776504491858322;13,0;38,0;56,0;91,0;15,234285714285715;10,0
DeRycke;KNN;combo;normal;diff expression;100;29,0;97,0;65,40628801946598;0,6788793103448276;18,0;48,0;60,0;67,0;8,608247422680412;4,0;62,50880450790805;0,7045361247947455;19,0;48,0;56,0;61,0;9,75257731958763;4,0
DeRycke;KNN;combo;normal;diff expression;500;76,0;312,0;83,49640776468632;0,8318805996636787;52,0;139,0;182,0;222,0;12,544871794871796;4,0;62,00721710034528;0,5658082337821894;23,0;70,0;95,0;145,0;31,208333333333332;12,0
DeRycke;KNN;combo;normal;diff expression;1000;95,0;427,0;85,49503262412811;0,820754294690641;57,0;154,0;220,0;274,0;13,126463700234192;5,0;60,721051626844336;0,5973195714545518;17,0;55,0;85,0;142,0;66,30444964871194;30,0
DeRycke;KNN;combo;normal;diff expression;2000;106,0;463,0;86,30489777946835;0,8403294782570909;62,0;172,0;232,0;274,0;18,466522678185743;5,0;62,56665329258582;0,6728736716184017;6,0;18,0;40,0;94,0;82,92872570194385;39,0
DeRycke;KNN;combo;normal;no expression;100;29,0;36,0;69,17989417989419;0,6128526645768025;17,0;31,0;35,0;36,0;2,0833333333333335;2,0;79,32098765432099;0,7497387669801463;20,0;34,0;36,0;36,0;1,6944444444444444;1,0
DeRycke;KNN;combo;normal;no expression;500;76,0;116,0;80,00881316098706;0,7958621000514218;35,0;68,0;87,0;110,0;4,336206896551724;3,0;65,55624214919568;0,5431158560377688;15,0;49,0;70,0;88,0;7,370689655172414;4,0
DeRycke;KNN;combo;normal;no expression;1000;95,0;157,0;80,94307533264414;0,7994336814140454;40,0;78,0;98,0;128,0;6,2165605095541405;4,0;65,48937873078333;0,5848110427199172;9,0;41,0;64,0;96,0;11,859872611464969;7,0
DeRycke;KNN;combo;normal;no expression;2000;106,0;175,0;83,26383057774474;0,8214907192954986;41,0;90,0;102,0;123,0;8,657142857142857;3,0;69,557644436188;0,6698765995193675;10,0;32,0;52,0;92,0;15,805714285714286;10,0
DeRycke;RF;combo;binary;diff expression;100;29,0;97,0;64,9932765575975;0,7279967159277504;20,0;50,0;58,0;63,0;9,041237113402062;3,0;52,88147531536147;0,5076559934318555;14,0;33,0;43,0;63,0;11,082474226804123;7,0
DeRycke;RF;combo;binary;diff expression;500;76,0;312,0;79,09495544560329;0,7330600350663653;43,0;118,0;162,0;203,0;14,830128205128204;5,0;54,49496612442009;0,4586009301142803;7,0;31,0;67,0;137,0;48,118589743589745;13,5
DeRycke;RF;combo;binary;diff expression;1000;95,0;427,0;81,60117372752767;0,7353700460547802;45,0;125,0;172,0;246,0;21,063231850117095;8,0;53,08014358274886;0,3999503387319574;9,0;21,0;41,0;95,0;93,16627634660422;31,0
DeRycke;RF;combo;binary;diff expression;2000;106,0;463,0;80,72878536423961;0,7542590931381431;49,0;133,0;175,0;218,0;38,00431965442765;12,0;52,04270630605281;0,43553386592399396;5,0;17,0;31,0;53,0;144,61987041036718;53,0
DeRycke;RF;combo;binary;no expression;100;29,0;36,0;75,61728395061729;0,7788923719958202;21,0;32,0;35,0;35,0;2,0;1,0;65,4320987654321;0,5264367816091954;14,0;32,0;35,0;36,0;2,2222222222222223;2,0
DeRycke;RF;combo;binary;no expression;500;76,0;116,0;78,65898132015074;0,7343685205462842;44,0;74,0;85,0;100,0;5,0344827586206895;2,0;61,30110620365493;0,4142708861616268;11,0;45,0;59,0;86,0;8,25;5,0
DeRycke;RF;combo;binary;no expression;1000;95,0;157,0;78,9170307133091;0,7327854553167166;45,0;85,0;100,0;122,0;7,611464968152866;3,0;60,18508020142062;0,43127031049468717;3,0;22,0;45,0;99,0;14,713375796178344;8,0
DeRycke;RF;combo;binary;no expression;2000;106,0;175,0;79,11209362808843;0,756808310365509;50,0;76,0;89,0;123,0;11,811428571428571;5,0;58,28504551365409;0,46353228435754856;2,0;14,0;28,0;58,0;24,33142857142857;16,0
DeRycke;RF;combo;normal;diff expression;100;29,0;97,0;69,57482230902221;0,769683908045977;20,0;55,0;63,0;69,0;8,195876288659793;3,0;53,435358903758726;0,5410509031198686;14,0;35,0;43,0;63,0;11,587628865979381;7,0
DeRycke;RF;combo;normal;diff expression;500;76,0;312,0;80,87587062020195;0,7782200886188481;43,0;120,0;158,0;207,0;12,35576923076923;5,0;57,53034563770335;0,5503589566918693;10,0;37,0;76,0;142,0;46,45192307692308;12,0
DeRycke;RF;combo;normal;diff expression;1000;95,0;427,0;81,46283016363424;0,7424959074005045;48,0;132,0;174,0;235,0;19,18032786885246;9,0;52,67622915641616;0,4568106479278754;11,0;30,0;47,0;95,0;107,98360655737704;26,0
DeRycke;RF;combo;normal;diff expression;2000;106,0;463,0;80,04815103332143;0,7402591377365002;51,0;128,0;165,0;206,0;36,11663066954644;14,0;53,982458242906304;0,5022348596831342;13,0;37,0;58,0;76,0;150,6328293736501;47,0
DeRycke;RF;combo;normal;no expression;100;29,0;36,0;68,38624338624338;0,6843260188087773;17,0;31,0;35,0;35,0;2,1944444444444446;2,0;59,43562610229277;0,4675026123301985;11,0;31,0;35,0;36,0;2,361111111111111;2,0
DeRycke;RF;combo;normal;no expression;500;76,0;116,0;82,05761983872928;0,7776717692952424;42,0;77,0;90,0;108,0;4,077586206896552;2,0;64,04078366222294;0,49195378692547614;9,0;44,0;67,0;92,0;7,568965517241379;5,0
DeRycke;RF;combo;normal;no expression;1000;95,0;157,0;81,54016740587588;0,761469271227779;54,0;83,0;106,0;128,0;6,554140127388535;3,0;59,78073831993864;0,43022286584920433;6,0;33,0;46,0;95,0;15,624203821656051;8,0
DeRycke;RF;combo;normal;no expression;2000;106,0;175,0;80,4326212149359;0,754953816087531;49,0;76,0;95,0;125,0;10,605714285714285;5,0;57,09767787479101;0,42319813984719523;1,0;13,0;32,0;54,0;26,114285714285714;17,0
Teslovich;LR;combo;binary;no expression;100;22,0;22,0;73,81275440976933;0,64000999000999;9,0;20,0;22,0;22,0;2,0;2,0;76,52645861601086;0,6642857142857143;11,0;20,0;22,0;22,0;1,9090909090909092;1,5
Teslovich;LR;combo;binary;no expression;500;60,0;63,0;65,62500000000001;0,4972143835884428;14,0;22,0;37,0;57,0;6,0;4,0;69,26383801383803;0,5972124976952174;14,0;31,0;40,0;56,0;5,5396825396825395;4,0
Teslovich;LR;combo;binary;no expression;1000;76,0;79,0;63,79270015204267;0,5097659101172546;9,0;21,0;31,0;54,0;10,49367088607595;7,0;74,70738531573598;0,6656422983200628;13,0;31,0;45,0;68,0;6,987341772151899;5,0
Teslovich;LR;combo;binary;no expression;2000;89,0;92,0;64,9575229317275;0,5387091775177327;7,0;15,0;24,0;43,0;17,054347826086957;11,0;79,48677836835054;0,7281262455709673;14,0;33,0;47,0;72,0;9,5;5,0
Teslovich;LR;combo;normal;no expression;100;22,0;22,0;74,76255088195387;0,5772727272727273;12,0;19,0;21,0;21,0;2,272727272727273;1,0;80,86838534599728;0,7113636363636364;13,0;20,0;22,0;22,0;1,7272727272727273;1,0
Teslovich;LR;combo;normal;no expression;500;60,0;63,0;64,68889906389907;0,5022667523620392;12,0;21,0;38,0;56,0;6,158730158730159;4,0;69,57290394790395;0,6192366962635337;14,0;30,0;41,0;57,0;5,476190476190476;4,0
Teslovich;LR;combo;normal;no expression;1000;76,0;79,0;65,88081293352406;0,5237084475795288;11,0;23,0;33,0;56,0;9,835443037974683;6,0;75,20759673603052;0,6753988383397607;15,0;32,0;46,0;68,0;6,886075949367089;5,0
Teslovich;LR;combo;normal;no expression;2000;89,0;92,0;64,89218775305878;0,5379946933662503;7,0;15,0;24,0;43,0;17,07608695652174;11,0;79,56297206967123;0,7306683227666728;15,0;33,0;48,0;72,0;9,467391304347826;5,0
Teslovich;SVM;combo;binary;no expression;100;22,0;22,0;84,59972862957937;0,7159090909090909;12,0;21,0;22,0;22,0;1,5454545454545454;1,0;85,8887381275441;0,7386363636363636;14,0;22,0;22,0;22,0;1,5;1,0
Teslovich;SVM;combo;binary;no expression;500;60,0;63,0;68,57829670329669;0,5892850079328655;15,0;30,0;42,0;55,0;5,761904761904762;4,0;64,9013024013024;0,5356034239640722;11,0;25,0;39,0;56,0;6,111111111111111;5,0
Teslovich;SVM;combo;binary;no expression;1000;76,0;79,0;69,04986819968872;0,5793287366600948;17,0;27,0;38,0;55,0;8,49367088607595;6,0;62,311408598958195;0,46323609645520303;4,0;13,0;26,0;50,0;10,050632911392405;7,0
Teslovich;SVM;combo;binary;no expression;2000;89,0;92,0;73,32005771580855;0,6422658022766619;19,0;31,0;42,0;54,0;12,695652173913043;6,5;63,611802293908916;0,4941534405304002;1,0;10,0;19,0;42,0;16,608695652173914;11,0
Teslovich;SVM;combo;normal;no expression;100;22,0;22,0;87,58480325644506;0,7386363636363636;15,0;21,0;22,0;22,0;1,4545454545454546;1,0;86,7706919945726;0,7386363636363636;16,0;21,0;22,0;22,0;1,5;1,0
Teslovich;SVM;combo;normal;no expression;500;60,0;63,0;65,27777777777779;0,5162043438845852;15,0;29,0;38,0;48,0;6,396825396825397;4,0;62,0497557997558;0,4563074640025183;13,0;28,0;35,0;48,0;7,142857142857143;4,0
Teslovich;SVM;combo;normal;no expression;1000;76,0;79,0;70,54330517394942;0,6284568913555324;24,0;40,0;48,0;54,0;9,455696202531646;3,0;68,03909925957915;0,5738581280892592;16,0;33,0;44,0;55,0;10,08860759493671;4,0
Teslovich;SVM;combo;normal;no expression;2000;89,0;92,0;72,0801616631576;0,6400641261262231;24,0;40,0;48,0;60,0;14,66304347826087;5,0;67,17100516792061;0,5316496079632239;7,0;29,0;40,0;48,0;16,891304347826086;10,0
Teslovich;DT;combo;binary;no expression;100;22,0;22,0;76,52645861601086;0,6428321678321679;9,0;20,0;22,0;22,0;1,9090909090909092;2,0;85,21031207598372;0,75;15,0;20,0;22,0;22,0;1,5909090909090908;1,0
Teslovich;DT;combo;binary;no expression;500;60,0;63,0;69,4571632071632;0,5724195035209824;18,0;26,0;42,0;55,0;5,587301587301587;4,0;71,66514041514043;0,6726234564431495;16,0;33,0;42,0;58,0;5,142857142857143;3,0
Teslovich;DT;combo;binary;no expression;1000;76,0;79,0;71,76144593488254;0,6074601989750211;17,0;30,0;40,0;63,0;8,291139240506329;5,0;72,5531474634063;0,6465068539079146;14,0;26,0;40,0;65,0;7,569620253164557;5,0
Teslovich;DT;combo;binary;no expression;2000;89,0;92,0;75,68224649950676;0,6884442348737844;22,0;35,0;43,0;61,0;12,380434782608695;6,0;77,0772905961513;0,7061590188142162;6,0;27,0;39,0;66,0;10,41304347826087;7,0
Teslovich;DT;combo;normal;no expression;100;22,0;22,0;78,52781546811399;0,6896853146853147;13,0;19,0;20,0;21,0;2,227272727272727;1,0;79,03663500678427;0,6795454545454546;13,0;19,0;22,0;22,0;1,8636363636363635;1,0
Teslovich;DT;combo;normal;no expression;500;60,0;63,0;67,71723646723646;0,5604962719120629;16,0;27,0;40,0;55,0;5,857142857142857;4,0;70,31059218559218;0,652772042198598;14,0;31,0;38,0;58,0;4,777777777777778;4,0
Teslovich;DT;combo;normal;no expression;1000;76,0;79,0;74,15139492411362;0,6330041453497127;19,0;34,0;42,0;64,0;7,417721518987341;5,0;74,78925445107195;0,67956663660054;17,0;31,0;44,0;67,0;7,050632911392405;5,0
Teslovich;DT;combo;normal;no expression;2000;89,0;92,0;77,33918343909659;0,6987838927596226;22,0;35,0;45,0;62,0;11,358695652173912;6,0;78,0944949130582;0,7081053916693978;7,0;28,0;45,0;65,0;9,815217391304348;6,0
Teslovich;KNN;combo;binary;no expression;100;22,0;22,0;81,0719131614654;0,7142857142857143;13,0;21,0;22,0;22,0;1,7272727272727273;1,0;82,15739484396202;0,7435064935064936;13,0;21,0;22,0;22,0;1,6818181818181819;1,0
Teslovich;KNN;combo;binary;no expression;500;60,0;63,0;72,01236263736264;0,6405208532482275;17,0;30,0;45,0;56,0;5,2063492063492065;4,0;71,11187423687426;0,6404219324445466;17,0;33,0;42,0;56,0;5,349206349206349;3,0
Teslovich;KNN;combo;binary;no expression;1000;76,0;79,0;71,2558365496208;0,6040009111718955;14,0;30,0;41,0;63,0;8,367088607594937;5,0;74,4334385936502;0,6614330216293768;12,0;30,0;45,0;64,0;6,7974683544303796;5,0
Teslovich;KNN;combo;binary;no expression;2000;89,0;92,0;73,77703588097587;0,6692605697330207;15,0;27,0;41,0;58,0;13,108695652173912;6,5;74,53694842385784;0,6701185762690034;8,0;21,0;41,0;57,0;11,467391304347826;7,0
Teslovich;KNN;combo;normal;no expression;100;22,0;22,0;75,30529172320217;0,6532467532467532;12,0;18,0;22,0;22,0;2,0454545454545454;1,0;74,35549525101763;0,6554195804195805;11,0;20,0;22,0;22,0;2,0;1,5
Teslovich;KNN;combo;normal;no expression;500;60,0;63,0;71,02029914529913;0,609335124100478;13,0;34,0;45,0;56,0;5,253968253968254;3,0;69,68610093610094;0,6259538071073272;13,0;32,0;43,0;54,0;5,634920634920635;3,0
Teslovich;KNN;combo;normal;no expression;1000;76,0;79,0;74,03803765980224;0,6505084395036494;14,0;32,0;46,0;64,0;7,2025316455696204;4,0;77,22688546418;0,6998421069933957;19,0;35,0;47,0;66,0;5,8734177215189876;5,0
Teslovich;KNN;combo;normal;no expression;2000;89,0;92,0;74,80749127637331;0,6849018237957658;18,0;32,0;43,0;61,0;12,782608695652174;6,5;77,6003401110146;0,7135301349996459;10,0;30,0;44,0;67,0;10,097826086956522;7,0
Teslovich;RF;combo;binary;no expression;100;22,0;22,0;85,14246947082768;0,7963286713286714;14,0;21,0;22,0;22,0;1,5454545454545454;1,0;80,80054274084125;0,7132867132867133;12,0;21,0;22,0;22,0;1,7272727272727273;1,0
Teslovich;RF;combo;binary;no expression;500;60,0;63,0;76,66488603988604;0,7151848048827975;16,0;37,0;49,0;60,0;4,238095238095238;3,0;74,19998982498983;0,6702975956189057;15,0;34,0;48,0;61,0;4,571428571428571;3,0
Teslovich;RF;combo;binary;no expression;1000;76,0;79,0;76,14774230115246;0,70878684655759;20,0;34,0;46,0;66,0;6,822784810126582;4,0;71,90944014106682;0,630301720792031;12,0;23,0;44,0;65,0;7,772151898734177;5,0
Teslovich;RF;combo;binary;no expression;2000;89,0;92,0;76,25811628557545;0,7179938843399618;20,0;30,0;42,0;61,0;11,228260869565217;7,0;72,1318776778221;0,65276866166215;9,0;21,0;28,0;58,0;13,173913043478262;8,0
Teslovich;RF;combo;normal;no expression;100;22,0;22,0;92,13025780189959;0,8409090909090909;17,0;22,0;22,0;22,0;1,2727272727272727;1,0;87,24559023066486;0,75;15,0;22,0;22,0;22,0;1,4545454545454546;1,0
Teslovich;RF;combo;normal;no expression;500;60,0;63,0;75,91575091575092;0,6833864067450739;14,0;39,0;49,0;61,0;4,380952380952381;3,0;73,60220797720798;0,6495475573276642;12,0;34,0;43,0;61,0;4,634920634920635;3,0
Teslovich;RF;combo;normal;no expression;1000;76,0;79,0;77,84765143540886;0,7171387679747268;18,0;37,0;52,0;67,0;6,481012658227848;4,0;73,44965947837665;0,6499920040692359;10,0;31,0;43,0;63,0;7,3164556962025316;5,0
Teslovich;RF;combo;normal;no expression;2000;89,0;92,0;79,48659432559371;0,7473141350651856;22,0;37,0;47,0;67,0;9,728260869565217;5,0;73,02209249252786;0,6594186239564828;10,0;24,0;30,0;56,0;12,467391304347826;8,0
