refset;algorithm;variation;bp distance;Recall snps;Recall genes;ROC-AUC overall (lso);ROC-AUC - mean per snpl (lso);Hits@1(lso);Hits@3(lso);Hits@5(lso);Hits@10(lso);Mean rank (lso);Median rank (lso);ROC-AUC overall (lco);ROC-AUC - mean per snpl (lco);Hits@1(lco);Hits@3(lco);Hits@5(lco);Hits@10(lco);Mean rank (lco);Median rank (lco)
Teslovich;LR;normal;100;22,0;22,0;69,91180461329715;0,5566183816183816;7,0;20,0;21,0;22,0;2,227272727272727;2,0;65,46811397557667;0,5413086913086913;8,0;17,0;21,0;22,0;2,4545454545454546;2,0
Teslovich;LR;normal;500;60,0;63,0;69,9137667887668;0,5883400386340512;16,0;33,0;42,0;54,0;5,396825396825397;3,0;73,70395807895808;0,6849313953229184;21,0;35,0;43,0;57,0;4,984126984126984;3,0
Teslovich;LR;normal;1000;76,0;79,0;72,2643563376607;0,6362462604980493;18,0;33,0;42,0;59,0;7,822784810126582;5,0;76,50760663229963;0,6981869339340205;18,0;37,0;46,0;67,0;6,670886075949367;5,0
Teslovich;LR;normal;2000;89,0;92,0;71,47024396707843;0,6303444577522278;23,0;35,0;43,0;51,0;13,576086956521738;8,0;80,72869889132642;0,7539764860474294;21,0;36,0;47,0;73,0;8,956521739130435;5,0
Teslovich;LR;autoencode;100;22,0;22,0;72,15061058344641;0,5758491508491509;8,0;20,0;21,0;22,0;2,1818181818181817;2,0;63,77204884667571;0,5385364635364636;7,0;16,0;22,0;22,0;2,5;2,0
Teslovich;LR;autoencode;500;60,0;63,0;71,33063695563696;0,6097508391276087;20,0;34,0;41,0;53,0;5,26984126984127;3,0;70,27116402116403;0,6367849380575354;16,0;32,0;39,0;57,0;5,412698412698413;3,0
Teslovich;LR;autoencode;1000;76,0;79,0;72,53740339891861;0,6185296275872758;19,0;33,0;44,0;60,0;7,810126582278481;5,0;74,83603681412107;0,6802362708118639;12,0;34,0;45,0;65,0;7,075949367088608;5,0
Teslovich;LR;autoencode;2000;89,0;92,0;75,01748406189725;0,6618034168008969;26,0;39,0;46,0;58,0;11,83695652173913;5,5;79,42825277168392;0,7343821476024787;14,0;33,0;43,0;69,0;9,380434782608695;6,0
Teslovich;LR;combi;100;22,0;22,0;71,67571234735414;0,5985764235764236;9,0;19,0;21,0;22,0;2,227272727272727;2,0;70,8955223880597;0,592032967032967;9,0;19,0;22,0;22,0;2,1363636363636362;2,0
Teslovich;LR;combi;500;60,0;63,0;73,5309829059829;0,6395555791066623;20,0;37,0;45,0;55,0;4,920634920634921;3,0;71,65114977614978;0,6412652462626888;18,0;34,0;41,0;57,0;5,253968253968254;3,0
Teslovich;LR;combi;1000;76,0;79,0;74,23056507696599;0,6477200734289512;22,0;36,0;45,0;62,0;7,417721518987341;4,0;75,38932822325984;0,6862035053497021;15,0;37,0;44,0;66,0;6,962025316455696;5,0
Teslovich;LR;combi;2000;89,0;92,0;74,86417644547181;0,6657155970209245;28,0;41,0;47,0;57,0;11,967391304347826;5,0;79,57640719091859;0,7365198106581555;13,0;35,0;43,0;66,0;9,33695652173913;6,0
Teslovich;SVM;normal;100;22,0;22,0;72,38805970149254;0,6453796203796204;11,0;18,0;20,0;21,0;2,5;1,5;68,7584803256445;0,5647852147852148;9,0;18,0;21,0;21,0;2,5;2,0
Teslovich;SVM;normal;500;60,0;63,0;75,60668498168498;0,6716787540594354;23,0;39,0;47,0;55,0;4,587301587301587;2,0;75,91193528693529;0,6698701568253065;22,0;40,0;46,0;59,0;4,444444444444445;2,0
Teslovich;SVM;normal;1000;76,0;79,0;74,74787005299002;0,6401002526475985;24,0;39,0;44,0;62,0;7,050632911392405;4,0;72,2881973495992;0,6066426550803851;18,0;32,0;41,0;59,0;7,430379746835443;5,0
Teslovich;SVM;normal;2000;89,0;92,0;77,61929651496636;0,698676044180078;32,0;46,0;51,0;62,0;10,880434782608695;3,5;72,05347546341966;0,603264045866391;21,0;37,0;41,0;55,0;13,347826086956522;8,5
Teslovich;SVM;autoencode;100;22,0;22,0;82,29308005427409;0,7660089910089909;13,0;20,0;21,0;21,0;1,9090909090909092;1,0;74,96607869742198;0,6591908091908092;10,0;20,0;21,0;21,0;2,1818181818181817;2,0
Teslovich;SVM;autoencode;500;60,0;63,0;78,11228123728125;0,7200448723907026;23,0;41,0;49,0;59,0;4,301587301587301;2,0;76,93070818070818;0,695859712635274;22,0;39,0;48,0;57,0;4,4603174603174605;2,0
Teslovich;SVM;autoencode;1000;76,0;79,0;80,1062499437712;0,7366917072104435;30,0;44,0;52,0;67,0;5,987341772151899;3,0;74,82299173211699;0,65635958015993;17,0;35,0;47,0;62,0;7,30379746835443;4,0
Teslovich;SVM;autoencode;2000;89,0;92,0;82,2741059202874;0,7692188945271381;31,0;52,0;57,0;68,0;8,73913043478261;2,0;75,3899866016873;0,667664731730237;14,0;36,0;43,0;60,0;12,032608695652174;6,0
Teslovich;SVM;combi;100;22,0;22,0;82,42876526458616;0,7938311688311689;12,0;21,0;22,0;22,0;1,6363636363636365;1,0;75,7123473541384;0,6779220779220779;10,0;20,0;22,0;22,0;1,9090909090909092;2,0
Teslovich;SVM;combi;500;60,0;63,0;79,08272283272284;0,7393209217066699;21,0;42,0;51,0;57,0;4,222222222222222;2,0;77,64168701668702;0,7215310447586758;22,0;41,0;49,0;58,0;4,333333333333333;3,0
Teslovich;SVM;combi;1000;76,0;79,0;78,66004516297356;0,7092809158377652;30,0;44,0;47,0;67,0;6,443037974683544;3,0;74,38350741770353;0,6574846010923522;15,0;38,0;44,0;62,0;7,367088607594937;4,0
Teslovich;SVM;combi;2000;89,0;92,0;82,70126915885098;0,7755785851129738;32,0;52,0;56,0;68,0;8,402173913043478;2,0;75,57660595709596;0,6819370587031156;14,0;36,0;45,0;60,0;11,793478260869565;6,0
Teslovich;DT;normal;100;22,0;22,0;65,97693351424695;0,5151098901098902;9,0;17,0;20,0;21,0;2,727272727272727;2,0;63,5685210312076;0,5063936063936064;7,0;17,0;21,0;22,0;2,5;2,0
Teslovich;DT;normal;500;60,0;63,0;70,55860805860806;0,6053576898001445;18,0;32,0;43,0;55,0;5,238095238095238;3,0;69,70263532763533;0,6020325224771987;14,0;29,0;40,0;58,0;5,365079365079365;4,0
Teslovich;DT;normal;1000;76,0;79,0;74,72807751477693;0,6509737279949285;19,0;36,0;46,0;63,0;7,1645569620253164;4,0;73,76768958102795;0,6729745634085779;15,0;32,0;41,0;66,0;7,329113924050633;5,0
Teslovich;DT;normal;2000;89,0;92,0;71,80943476788528;0,6288920562348246;19,0;34,0;44,0;52,0;13,25;7,0;77,96382455572079;0,7249375731957037;11,0;30,0;44,0;69,0;10,097826086956522;6,0
Teslovich;DT;autoencode;100;22,0;22,0;68,79240162822252;0,5246253746253746;7,0;19,0;21,0;22,0;2,3636363636363638;2,0;65,56987788331071;0,51993006993007;8,0;18,0;20,0;22,0;2,5;2,0
Teslovich;DT;autoencode;500;60,0;63,0;72,83781033781034;0,6370105998409901;18,0;36,0;46,0;54,0;5,015873015873016;2,0;68,24888074888077;0,611624917132169;15,0;30,0;38,0;56,0;5,682539682539683;4,0
Teslovich;DT;autoencode;1000;76,0;79,0;70,71604005290007;0,5933618540298492;16,0;30,0;41,0;60,0;8,253164556962025;5,0;72,92200840283215;0,6443810102208809;11,0;26,0;41,0;67,0;7,2784810126582276;5,0
Teslovich;DT;autoencode;2000;89,0;92,0;73,0393925116683;0,632976824631114;20,0;37,0;43,0;53,0;12,695652173913043;6,0;76,42209838189608;0,7083904991214358;9,0;27,0;40,0;64,0;10,706521739130435;7,0
Teslovich;DT;combi;100;22,0;22,0;63,670284938941656;0,532992007992008;7,0;17,0;21,0;22,0;2,6363636363636362;2,0;64,21302578018995;0,5464785214785215;7,0;18,0;20,0;22,0;2,5454545454545454;2,0
Teslovich;DT;combi;500;60,0;63,0;68,29848392348393;0,5869470704095142;13,0;31,0;43,0;52,0;5,650793650793651;4,0;67,18177655677657;0,607563115643897;13,0;30,0;35,0;56,0;5,841269841269841;4,0
Teslovich;DT;combi;1000;76,0;79,0;70,53520822649861;0,6006187670993185;15,0;30,0;43,0;59,0;8,316455696202532;5,0;74,40509927757235;0,663522695156183;15,0;31,0;44,0;64,0;7,151898734177215;5,0
Teslovich;DT;combi;2000;89,0;92,0;72,33616513788483;0,6259302595057575;19,0;35,0;42,0;52,0;13,043478260869565;7,0;76,96060748833169;0,702311060428109;9,0;26,0;41,0;68,0;10,5;6,0
Teslovich;KNN;normal;100;22,0;22,0;67,80868385345998;0,4812937062937062;6,0;19,0;21,0;22,0;2,3181818181818183;2,0;70,96336499321573;0,6331168831168831;10,0;18,0;22,0;22,0;2,1818181818181817;2,0
Teslovich;KNN;normal;500;60,0;63,0;63,58999796499797;0,46490077193491725;9,0;25,0;36,0;53,0;6,190476190476191;5,0;69,69118844118846;0,6234115328648407;15,0;30,0;41,0;57,0;5,476190476190476;4,0
Teslovich;KNN;normal;1000;76,0;79,0;63,843081158403294;0,4899545358998728;4,0;20,0;35,0;53,0;10,08860759493671;7,0;75,07264761185034;0,6745518603459683;15,0;31,0;45,0;68,0;6,9113924050632916;5,0
Teslovich;KNN;normal;2000;89,0;92,0;63,20598801513568;0,49284186842979244;5,0;15,0;28,0;40,0;17,532608695652176;12,0;79,56462845448254;0,7307883650215465;16,0;33,0;48,0;72,0;9,467391304347826;5,0
Teslovich;KNN;autoencode;100;22,0;22,0;71,87924016282224;0,5670829170829171;9,0;20,0;21,0;22,0;2,1818181818181817;2,0;75,13568521031208;0,6155844155844156;11,0;19,0;21,0;22,0;2,0454545454545454;1,5
Teslovich;KNN;autoencode;500;60,0;63,0;65,20782458282459;0,49906611585026106;12,0;26,0;37,0;53,0;6,0;5,0;71,49598087098087;0,6643401042934122;19,0;32,0;43,0;57,0;5,26984126984127;3,0
Teslovich;KNN;autoencode;1000;76,0;79,0;64,47329356832473;0,5130550645519334;9,0;21,0;35,0;53,0;9,974683544303797;7,0;74,99077847651436;0,6728095679457043;17,0;31,0;45,0;68,0;6,936708860759493;5,0
Teslovich;KNN;autoencode;2000;89,0;92,0;63,42775953709565;0,49506642786351107;7,0;16,0;29,0;42,0;17,47826086956522;12,5;79,2905887895876;0,7282516681119698;15,0;30,0;47,0;72,0;9,565217391304348;5,0
Teslovich;KNN;combi;100;22,0;22,0;65,63772048846675;0,4585664335664335;6,0;19,0;21,0;22,0;2,409090909090909;2,0;68,2157394843962;0,5831168831168831;11,0;17,0;21,0;22,0;2,409090909090909;1,5
Teslovich;KNN;combi;500;60,0;63,0;66,1820818070818;0,4951338062114298;13,0;28,0;39,0;52,0;5,888888888888889;4,0;74,04227716727716;0,6766275980348703;23,0;35,0;45,0;58,0;4,904761904761905;3,0
Teslovich;KNN;combi;1000;76,0;79,0;64,43505798314035;0,5075744097025882;8,0;21,0;35,0;53,0;9,987341772151899;7,0;75,16036454256745;0,6813973963819823;17,0;32,0;45,0;67,0;6,9113924050632916;5,0
Teslovich;KNN;combi;2000;89,0;92,0;63,12169643251521;0,4914286731186825;7,0;15,0;28,0;40,0;17,565217391304348;13,0;79,54162310988089;0,7290033392328304;16,0;34,0;48,0;71,0;9,478260869565217;5,0
Teslovich;RF;normal;100;22,0;22,0;76,59430122116689;0,7441808191808192;11,0;20,0;20,0;22,0;2,1363636363636362;1,5;70,14925373134328;0,6382117882117881;9,0;18,0;22,0;22,0;2,1818181818181817;2,0
Teslovich;RF;normal;500;60,0;63,0;76,42831705331704;0,6737357960978195;19,0;38,0;50,0;58,0;4,507936507936508;3,0;73,15832315832316;0,635841772761536;13,0;31,0;48,0;57,0;4,841269841269841;4,0
Teslovich;RF;normal;1000;76,0;79,0;76,54044425251679;0,6948330732837068;24,0;35,0;47,0;62,0;6,7974683544303796;4,0;73,13792700152042;0,6446714492172054;9,0;30,0;49,0;59,0;7,582278481012659;5,0
Teslovich;RF;normal;2000;89,0;92,0;78,1375609181525;0,7386112674266602;24,0;42,0;50,0;63,0;10,76086956521739;4,5;72,85755826793681;0,6652332082715314;10,0;27,0;38,0;59,0;13,08695652173913;6,5
Teslovich;RF;autoencode;100;22,0;22,0;71,0651289009498;0,670054945054945;9,0;19,0;21,0;21,0;2,4545454545454546;2,0;68,08005427408412;0,6041458541458541;8,0;19,0;21,0;21,0;2,5454545454545454;2,0
Teslovich;RF;autoencode;500;60,0;63,0;74,61716524216524;0,6645258619289373;16,0;37,0;48,0;55,0;4,761904761904762;3,0;71,29502442002442;0,6292886118589336;13,0;36,0;43,0;58,0;5,2063492063492065;3,0
Teslovich;RF;autoencode;1000;76,0;79,0;74,87382256889153;0,6835729425805787;20,0;36,0;44,0;62,0;7,10126582278481;5,0;70,55050246057237;0,6325136478102724;14,0;28,0;40,0;56,0;8,189873417721518;5,0
Teslovich;RF;autoencode;2000;89,0;92,0;76,20916091226314;0,7240648848196681;23,0;39,0;48,0;58,0;11,532608695652174;4,5;71,1078637789131;0,6456987083301731;9,0;25,0;37,0;50,0;13,706521739130435;9,5
Teslovich;RF;combi;100;22,0;22,0;76,39077340569878;0,7254245754245754;12,0;19,0;21,0;21,0;2,1818181818181817;1,0;65,5020352781547;0,5332917082917082;7,0;18,0;21,0;21,0;2,6818181818181817;2,0
Teslovich;RF;combi;500;60,0;63,0;74,57773707773708;0,670414021614133;16,0;36,0;49,0;59,0;4,746031746031746;3,0;72,16244403744403;0,6353321220173181;15,0;32,0;46,0;58,0;5,015873015873016;3,0
Teslovich;RF;combi;1000;76,0;79,0;73,3934306766349;0,6623001122313361;21,0;32,0;44,0;60,0;7,6455696202531644;5,0;71,1352819986865;0,6384593445869458;14,0;30,0;39,0;60,0;8,227848101265822;6,0
Teslovich;RF;combi;2000;89,0;92,0;76,462587788395;0,7240769377912765;23,0;38,0;46,0;60,0;11,423913043478262;5,5;71,306077828001;0,6491182602068462;10,0;25,0;37,0;52,0;13,706521739130435;9,0
DeRycke;LR;normal;100;29,0;36,0;75,33068783068782;0,7917450365726226;23,0;30,0;35,0;36,0;2,0;1,0;75,92592592592592;0,7786833855799372;21,0;32,0;35,0;36,0;1,8611111111111112;1,0
DeRycke;LR;normal;500;76,0;116,0;82,15030998014507;0,8060413838091588;54,0;82,0;91,0;103,0;4,353448275862069;2,0;70,78994286640463;0,605462914388872;22,0;59,0;79,0;94,0;6,370689655172414;3,0
DeRycke;LR;normal;1000;95,0;157,0;76,88965218261247;0,720826549096817;48,0;81,0;98,0;118,0;8,547770700636942;3,0;71,35208590389169;0,6334333648967914;23,0;60,0;80,0;109,0;10,242038216560509;5,0
DeRycke;LR;normal;2000;106,0;175,0;70,87408508266766;0,6784082324657684;48,0;67,0;79,0;100,0;17,222857142857144;8,0;76,01367267323054;0,73511789070949;17,0;58,0;76,0;109,0;12,628571428571428;7,0
DeRycke;LR;autoencode;100;29,0;36,0;71,95767195767195;0,7212121212121211;21,0;30,0;35,0;36,0;2,111111111111111;1,0;73,89770723104057;0,6913270637408568;18,0;32,0;35,0;36,0;1,9166666666666667;1,5
DeRycke;LR;autoencode;500;76,0;116,0;81,82361521941732;0,7921869030222725;52,0;80,0;91,0;103,0;4,405172413793103;2,0;69,37781109445278;0,5738887472752073;15,0;50,0;80,0;94,0;6,422413793103448;4,0
DeRycke;LR;autoencode;1000;95,0;157,0;82,76419781905493;0,7883328040242276;57,0;90,0;112,0;132,0;6,439490445859873;3,0;70,0265114883116;0,6489057810127282;24,0;53,0;78,0;107,0;10,598726114649681;6,0
DeRycke;LR;autoencode;2000;106,0;175,0;79,52532045327884;0,768273775945498;62,0;94,0;102,0;122,0;12,32;3,0;74,99253204532788;0,7239492757102342;15,0;53,0;76,0;106,0;13,165714285714285;7,0
DeRycke;LR;combi;100;29,0;36,0;76,71957671957672;0,8008359456635318;23,0;31,0;35,0;35,0;2,0277777777777777;1,0;78,74779541446209;0,8051201671891328;21,0;34,0;35,0;36,0;1,8333333333333333;1,0
DeRycke;LR;combi;500;76,0;116,0;83,04378216297256;0,8190550838264787;54,0;81,0;92,0;105,0;4,172413793103448;2,0;71,4407998703351;0,6094614218901707;18,0;54,0;83,0;96,0;5,974137931034483;4,0
DeRycke;LR;combi;1000;95,0;157,0;81,81461966852302;0,7654837588643996;53,0;89,0;112,0;131,0;6,917197452229299;3,0;70,51438956881316;0,645152511618995;24,0;52,0;80,0;108,0;10,477707006369426;5,0
DeRycke;LR;combi;2000;106,0;175,0;77,68805498792494;0,7469771789506343;57,0;89,0;98,0;118,0;13,342857142857143;3,0;75,01876277168864;0,7181581612545445;10,0;55,0;75,0;106,0;13,114285714285714;7,0
DeRycke;SVM;normal;100;29,0;36,0;73,65520282186948;0,7719958202716823;20,0;33,0;35,0;35,0;2,0833333333333335;1,0;68,32010582010581;0,6528735632183909;16,0;32,0;35,0;35,0;2,2222222222222223;2,0
DeRycke;SVM;normal;500;76,0;116,0;82,67251509380445;0,8144381338460802;48,0;82,0;92,0;102,0;4,2844827586206895;2,0;61,664775720247974;0,46320102242297717;5,0;47,0;71,0;83,0;8,732758620689655;4,0
DeRycke;SVM;normal;1000;95,0;157,0;82,80554907126421;0,7971123089433685;55,0;91,0;108,0;132,0;6,222929936305732;3,0;56,64121119151633;0,4770356411254863;6,0;28,0;49,0;89,0;17,426751592356688;8,0
DeRycke;SVM;normal;2000;106,0;175,0;84,18212892439159;0,821329613190884;61,0;95,0;108,0;131,0;8,994285714285715;3,0;57,618948541705365;0,5093341144925528;3,0;24,0;37,0;68,0;25,577142857142857;15,0
DeRycke;SVM;autoencode;100;29,0;36,0;74,6252204585538;0,7479623824451411;22,0;31,0;35,0;36,0;2,0555555555555554;1,0;68,51851851851852;0,6184952978056427;16,0;31,0;35,0;36,0;2,138888888888889;2,0
DeRycke;SVM;autoencode;500;76,0;116,0;84,37740589164878;0,8207728436156704;55,0;81,0;95,0;107,0;3,939655172413793;2,0;63,94404149276712;0,536377032112903;12,0;45,0;69,0;87,0;8,025862068965518;4,0
DeRycke;SVM;autoencode;1000;95,0;157,0;84,48127521926169;0,8239522017519467;57,0;98,0;114,0;138,0;6,292993630573249;2,0;62,01120485543736;0,5689089214400072;12,0;42,0;61,0;99,0;14,605095541401274;8,0
DeRycke;SVM;autoencode;2000;106,0;175,0;85,04848597436374;0,8393807011597931;62,0;104,0;116,0;137,0;9,331428571428571;2,0;61,261378413524056;0,5712116366947813;7,0;25,0;42,0;76,0;23,6;13,0
DeRycke;SVM;combi;100;29,0;36,0;74,88977072310405;0,8180773249738766;21,0;31,0;34,0;36,0;2,0;1,0;64,52821869488537;0,5996865203761755;12,0;31,0;34,0;36,0;2,2222222222222223;2,0
DeRycke;SVM;combi;500;76,0;116,0;86,23627375501437;0,8425423649406462;53,0;82,0;99,0;110,0;3,439655172413793;2,0;66,27952915434174;0,6009908429716767;17,0;52,0;70,0;93,0;7,431034482758621;4,0
DeRycke;SVM;combi;1000;95,0;157,0;86,83746290059025;0,848622889567706;63,0;104,0;117,0;142,0;4,961783439490445;2,0;64,09744222496415;0,616278648552437;18,0;46,0;57,0;99,0;13,522292993630574;7,0
DeRycke;SVM;combi;2000;106,0;175,0;85,71956158276053;0,849549939829802;65,0;107,0;116,0;135,0;8,028571428571428;2,0;62,249897826490795;0,6105729806733583;9,0;27,0;40,0;88,0;22,65142857142857;10,0
DeRycke;DT;normal;100;29,0;36,0;68,62874779541445;0,6989550679205851;18,0;29,0;34,0;36,0;2,1666666666666665;1,5;71,42857142857143;0,7200626959247648;19,0;32,0;34,0;35,0;2,25;1,0
DeRycke;DT;normal;500;76,0;116,0;87,20521496008753;0,8547324553787002;56,0;90,0;97,0;109,0;3,206896551724138;2,0;67,97327687507598;0,5970134623651338;22,0;56,0;74,0;89,0;6,9655172413793105;4,0
DeRycke;DT;normal;1000;95,0;157,0;85,60292793543869;0,8078578588948692;60,0;101,0;118,0;135,0;5,165605095541402;2,0;69,36189015239937;0,6361390081522231;15,0;56,0;72,0;105,0;10,662420382165605;7,0
DeRycke;DT;normal;2000;106,0;175,0;85,92628645736579;0,8346066924246806;65,0;109,0;117,0;139,0;8,177142857142858;2,0;73,48333642950028;0,7124102238277549;11,0;36,0;67,0;104,0;13,691428571428572;8,0
DeRycke;DT;autoencode;100;29,0;36,0;71,40652557319224;0,7276907001044932;19,0;31,0;35,0;36,0;2,111111111111111;1,0;68,29805996472663;0,6689655172413793;17,0;30,0;34,0;36,0;2,1666666666666665;2,0
DeRycke;DT;autoencode;500;76,0;116,0;86,05393249321284;0,8449557752810951;54,0;87,0;95,0;109,0;3,413793103448276;2,0;68,69960290125209;0,5808174913596738;25,0;56,0;74,0;92,0;6,810344827586207;4,0
DeRycke;DT;autoencode;1000;95,0;157,0;85,80484876779938;0,8124431239786384;58,0;99,0;118,0;137,0;4,936305732484076;2,0;71,60619601827459;0,6364452159665833;16,0;59,0;79,0;109,0;9,929936305732484;5,0
DeRycke;DT;autoencode;2000;106,0;175,0;86,59022849712056;0,841951065809485;66,0;113,0;119,0;141,0;7,7371428571428575;2,0;73,13735835036225;0,7030254019602332;9,0;34,0;68,0;100,0;13,90857142857143;8,0
DeRycke;DT;combi;100;29,0;36,0;71,62698412698414;0,7324973876698014;20,0;32,0;34,0;36,0;2,138888888888889;1,0;69,77513227513228;0,6897596656217345;15,0;33,0;35,0;36,0;2,0555555555555554;2,0
DeRycke;DT;combi;500;76,0;116,0;84,60837148993072;0,825518754075231;51,0;82,0;92,0;107,0;3,6206896551724137;2,0;68,76798087442765;0,6062279223796373;27,0;55,0;73,0;91,0;6,7844827586206895;4,0
DeRycke;DT;combi;1000;95,0;157,0;85,27528595724814;0,8157526577938095;60,0;99,0;115,0;134,0;5,203821656050955;2,0;70,78517357521592;0,6435023781069814;18,0;58,0;78,0;105,0;10,26751592356688;6,0
DeRycke;DT;combi;2000;106,0;175,0;86,2886122979751;0,8452135860824006;65,0;112,0;120,0;139,0;8,022857142857143;2,0;74,00074308006688;0,7194704941171752;18,0;41,0;69,0;103,0;13,617142857142857;7,0
DeRycke;KNN;normal;100;29,0;36,0;62,98500881834216;0,5825496342737723;16,0;29,0;34,0;35,0;2,5;2,0;70,01763668430335;0,6195402298850575;17,0;33,0;34,0;36,0;2,0833333333333335;2,0
DeRycke;KNN;normal;500;76,0;116,0;61,380120750435594;0,45671381823627333;19,0;41,0;63,0;81,0;7,974137931034483;5,0;71,38863000931967;0,6235827650621315;28,0;62,0;78,0;93,0;6,310344827586207;3,0
DeRycke;KNN;normal;1000;95,0;157,0;67,04088438323274;0,5355446204427528;20,0;48,0;72,0;102,0;11,92356687898089;7,0;72,14259512455396;0,6518465000876528;29,0;63,0;82,0;110,0;9,961783439490446;5,0
DeRycke;KNN;normal;2000;106,0;175,0;57,30722645365039;0,4627466366313489;14,0;27,0;37,0;62,0;25,21142857142857;15,0;76,737655582389;0,7451066695001789;23,0;63,0;80,0;110,0;12,268571428571429;7,0
DeRycke;KNN;autoencode;100;29,0;36,0;72,11199294532628;0,7479623824451411;22,0;30,0;35,0;35,0;2,1666666666666665;1,0;78,52733686067019;0,8272727272727273;22,0;33,0;35,0;36,0;1,8055555555555556;1,0
DeRycke;KNN;autoencode;500;76,0;116,0;58,906864135499816;0,44983527352104125;15,0;36,0;60,0;78,0;8,517241379310345;5,0;71,24680902791847;0,6232202343391889;28,0;61,0;77,0;93,0;6,318965517241379;3,0
DeRycke;KNN;autoencode;1000;95,0;157,0;59,44776069630172;0,4511267520695132;15,0;33,0;53,0;91,0;14,847133757961783;9,0;72,11608363624235;0,6571480717519735;29,0;63,0;82,0;110,0;9,980891719745223;5,0
DeRycke;KNN;autoencode;2000;106,0;175,0;56,18985695708714;0,4424278819209125;9,0;25,0;31,0;56,0;25,68;16,0;76,47453093070779;0,7422424581366958;21,0;56,0;80,0;110,0;12,354285714285714;7,0
DeRycke;KNN;combi;100;29,0;36,0;70,06172839506173;0,7400208986415882;20,0;29,0;34,0;36,0;2,138888888888889;1,0;84,34744268077601;0,8919540229885058;25,0;33,0;36,0;36,0;1,6111111111111112;1,0
DeRycke;KNN;combi;500;76,0;116,0;61,13649256452855;0,5134636199524526;21,0;40,0;60,0;79,0;8,060344827586206;5,0;70,98950524737631;0,626414825404143;31,0;60,0;78,0;92,0;6,379310344827586;3,0
DeRycke;KNN;combi;1000;95,0;157,0;61,8307933437823;0,48141239705810057;18,0;38,0;63,0;94,0;13,961783439490446;8,0;71,60286123987059;0,6441961606268614;27,0;61,0;80,0;106,0;10,101910828025478;5,0
DeRycke;KNN;combi;2000;106,0;175,0;60,25978079138028;0,5155965531572931;20,0;34,0;42,0;66,0;23,32;14,0;76,67575701281812;0,7417271733429505;28,0;62,0;80,0;109,0;12,285714285714286;7,0
DeRycke;RF;normal;100;29,0;36,0;70,74514991181658;0,7425287356321839;20,0;29,0;35,0;36,0;2,1944444444444446;1,0;60,36155202821869;0,5195402298850575;14,0;27,0;34,0;36,0;2,4722222222222223;2,0
DeRycke;RF;normal;500;76,0;116,0;82,80369950160056;0,8171982419231751;51,0;78,0;95,0;104,0;4,318965517241379;2,0;60,258721990356165;0,47873507845180113;9,0;40,0;61,0;85,0;8,491379310344827;5,0
DeRycke;RF;normal;1000;95,0;157,0;81,52816220362156;0,7863188691561718;50,0;89,0;107,0;134,0;7,082802547770701;3,0;60,22893253743289;0,517474657532985;10,0;41,0;56,0;92,0;15,343949044585987;9,0
DeRycke;RF;normal;2000;106,0;175,0;79,22734534646109;0,7658294443915127;52,0;81,0;87,0;120,0;11,857142857142858;6,0;57,645550808099564;0,5310266596724927;8,0;17,0;40,0;61,0;25,605714285714285;14,0
DeRycke;RF;autoencode;100;29,0;36,0;77,1384479717813;0,808672936259143;22,0;31,0;35,0;36,0;1,8611111111111112;1,0;66,20370370370371;0,6561128526645768;16,0;31,0;35,0;36,0;2,138888888888889;2,0
DeRycke;RF;autoencode;500;76,0;116,0;85,39547793670732;0,8433788762157557;51,0;83,0;95,0;110,0;3,5258620689655173;2,0;62,49037643340492;0,5353185469280248;13,0;49,0;61,0;85,0;8,008620689655173;5,0
DeRycke;RF;autoencode;1000;95,0;157,0;82,44922799879947;0,790691222880561;54,0;89,0;105,0;132,0;6,515923566878981;3,0;61,22069563477507;0,5511670284596948;15,0;39,0;57,0;91,0;14,07643312101911;8,0
DeRycke;RF;autoencode;2000;106,0;175,0;80,79658183169236;0,7781950975891849;52,0;79,0;89,0;124,0;10,891428571428571;5,0;60,34092513468325;0,5259198044682699;13,0;26,0;36,0;69,0;23,33142857142857;15,0
DeRycke;RF;combi;100;29,0;36,0;76,1904761904762;0,8213166144200628;22,0;31,0;35,0;36,0;1,8888888888888888;1,0;68,84920634920636;0,7042842215256009;18,0;30,0;34,0;36,0;2,1666666666666665;1,5
DeRycke;RF;combi;500;76,0;116,0;86,0605170387779;0,839604419108498;50,0;84,0;97,0;109,0;3,439655172413793;2,0;61,60804732768751;0,5454207430102027;13,0;48,0;63,0;80,0;8,28448275862069;5,0
DeRycke;RF;combi;1000;95,0;157,0;82,98445993263746;0,8021674062545275;54,0;91,0;106,0;134,0;6,286624203821656;3,0;59,87227798712777;0,5126918405752634;12,0;35,0;51,0;89,0;15,0828025477707;9,0
DeRycke;RF;combi;2000;106,0;175,0;83,19784506780606;0,8139377868184801;56,0;87,0;93,0;127,0;9,314285714285715;4,0;58,82571057031395;0,5165512596282172;8,0;26,0;32,0;63,0;24,497142857142858;16,0
farashi;LR;normal;100;54,0;55,0;71,28458498023716;0,6859567901234568;30,0;46,0;53,0;55,0;2,036363636363636;1,0;68,86034255599472;0,6498456790123457;24,0;50,0;53,0;55,0;2,018181818181818;2,0
farashi;LR;normal;500;135,0;144,0;81,20811876939328;0,6648498778669102;48,0;94,0;111,0;133,0;4,090277777777778;2,0;73,40624381065557;0,641391563209408;33,0;79,0;104,0;120,0;6,041666666666667;3,0
farashi;LR;normal;1000;173,0;185,0;76,05555977649001;0,6041909321472884;42,0;80,0;103,0;137,0;8,983783783783784;4,0;77,67020534462395;0,6934989982779434;30,0;87,0;112,0;141,0;7,859459459459459;4,0
farashi;LR;normal;2000;194,0;208,0;69,35723396038497;0,5388121042981067;30,0;51,0;71,0;106,0;18,245192307692307;10,0;79,67347835808003;0,7488673134479918;22,0;73,0;110,0;140,0;10,586538461538462;5,0
farashi;LR;autoencode;100;54,0;55,0;74,1501976284585;0,7013888888888888;30,0;48,0;54,0;55,0;1,8909090909090909;1,0;70,6258234519104;0,6706790123456791;28,0;49,0;53,0;55,0;1,9636363636363636;1,0
farashi;LR;autoencode;500;135,0;144,0;81,88151944279396;0,6743124566886296;47,0;95,0;115,0;133,0;3,9722222222222223;2,0;73,45534594309105;0,6470544864491258;35,0;71,0;99,0;123,0;5,777777777777778;4,0
farashi;LR;autoencode;1000;173,0;185,0;76,80199749967191;0,6147315795918672;43,0;85,0;108,0;139,0;8,767567567567568;4,0;75,76664065036158;0,6719504819856418;26,0;66,0;109,0;139,0;8,378378378378379;5,0
farashi;LR;autoencode;2000;194,0;208,0;68,3219826315843;0,5242011083045923;30,0;46,0;75,0;102,0;18,802884615384617;11,0;79,57683542181164;0,7433064712979063;21,0;75,0;112,0;140,0;10,64423076923077;5,0
farashi;LR;combi;100;54,0;55,0;78,5638998682477;0,7638888888888888;33,0;52,0;55,0;55,0;1,6545454545454545;1,0;71,9235836627141;0,6820987654320987;26,0;52,0;54,0;55,0;1,8727272727272728;2,0
farashi;LR;combi;500;135,0;144,0;82,0108767412689;0,6810722443679574;50,0;97,0;114,0;133,0;3,9791666666666665;2,0;73,33836733346537;0,6510050172142189;32,0;71,0;98,0;124,0;5,777777777777778;4,0
farashi;LR;combi;1000;173,0;185,0;77,19832022157604;0,6149928975988025;44,0;80,0;103,0;141,0;8,291891891891892;5,0;75,72381735172434;0,6762448633654425;30,0;65,0;106,0;138,0;8,421621621621622;5,0
farashi;LR;combi;2000;194,0;208,0;67,5798995396201;0,5172621536264883;26,0;39,0;66,0;101,0;19,173076923076923;11,0;79,18340371149527;0,7424881336444265;20,0;69,0;110,0;140,0;10,807692307692308;5,0
farashi;SVM;normal;100;54,0;55,0;72,91172595520422;0,7029320987654321;28,0;50,0;54,0;55,0;1,8909090909090909;1,0;56,97628458498023;0,4708333333333333;15,0;50,0;54,0;55,0;2,4;2,0
farashi;SVM;normal;500;135,0;144,0;83,655798177857;0,728590956967052;55,0;99,0;116,0;136,0;3,5277777777777777;2,0;65,35596982900904;0,4985622711168705;17,0;42,0;80,0;117,0;7,090277777777778;5,0
farashi;SVM;normal;1000;173,0;185,0;84,30809291274409;0,7187356617036359;46,0;117,0;132,0;159,0;5,583783783783784;3,0;63,99955795304631;0,48244254532006653;16,0;40,0;53,0;104,0;13,237837837837837;8,0
farashi;SVM;normal;2000;194,0;208,0;85,20823170421863;0,7542664732629208;61,0;120,0;137,0;160,0;8,33173076923077;3,0;62,62297122879762;0,4973229618618782;16,0;36,0;43,0;84,0;21,451923076923077;16,0
farashi;SVM;autoencode;100;54,0;55,0;73,47826086956523;0,6790123456790123;29,0;51,0;54,0;55,0;1,9090909090909092;1,0;61,80500658761529;0,5447530864197532;21,0;48,0;54,0;55,0;2,290909090909091;2,0
farashi;SVM;autoencode;500;135,0;144,0;84,09317851719813;0,7442615361117291;55,0;100,0;118,0;135,0;3,6041666666666665;2,0;69,50613157721001;0,5759724108302671;24,0;54,0;89,0;121,0;6,3125;4,0
farashi;SVM;autoencode;1000;173,0;185,0;86,38806196945733;0,7558584180068447;57,0;119,0;142,0;163,0;5,162162162162162;2,0;69,62377660052078;0,5706754254615323;29,0;47,0;73,0;121,0;11,091891891891892;7,0
farashi;SVM;autoencode;2000;194,0;208,0;86,8550362307794;0,7796909125108397;56,0;129,0;142,0;165,0;7,5673076923076925;2,0;68,10058995701088;0,5631851858442946;16,0;42,0;53,0;96,0;18,341346153846153;11,5
farashi;SVM;combi;100;54,0;55,0;68,6627140974967;0,646141975308642;26,0;48,0;52,0;55,0;2,1454545454545455;2,0;57,173913043478265;0,4800925925925926;16,0;47,0;51,0;55,0;2,581818181818182;2,0
farashi;SVM;combi;500;135,0;144,0;84,34797319601242;0,7195797889420594;56,0;99,0;121,0;135,0;3,4930555555555554;2,0;66,9829421667657;0,5245566808470404;19,0;46,0;91,0;118,0;6,8125;5,0
farashi;SVM;combi;1000;173,0;185,0;86,4228040972227;0,7526918565928281;60,0;119,0;134,0;162,0;5,0162162162162165;2,0;67,66847859871118;0,5407828325482331;14,0;43,0;69,0;116,0;11,956756756756757;7,0
farashi;SVM;combi;2000;194,0;208,0;86,57507977885504;0,7697037982542788;57,0;126,0;145,0;161,0;7,514423076923077;2,0;66,69686956919418;0,5522564572454589;13,0;29,0;50,0;91,0;18,701923076923077;13,0
farashi;DT;normal;100;54,0;55,0;73,36627140974967;0,7361111111111113;32,0;48,0;53,0;55,0;1,9636363636363636;1,0;71,91040843214755;0,6814814814814815;26,0;49,0;53,0;55,0;1,9636363636363636;2,0
farashi;DT;normal;500;135,0;144,0;82,96568627450979;0,7037359383084768;46,0;96,0;117,0;136,0;3,6805555555555554;2,0;75,99896019013666;0,682098400198922;31,0;79,0;107,0;128,0;5,201388888888889;3,0
farashi;DT;normal;1000;173,0;185,0;84,53871709685664;0,7150434137871592;43,0;111,0;135,0;162,0;5,643243243243243;2,0;75,14618630897701;0,669922653064633;26,0;71,0;104,0;137,0;8,686486486486487;5,0
farashi;DT;normal;2000;194,0;208,0;86,71551851174326;0,7650259124537996;50,0;125,0;143,0;170,0;7,8173076923076925;3,0;77,92726785369473;0,7299379315765734;31,0;70,0;99,0;135,0;11,475961538461538;6,0
farashi;DT;autoencode;100;54,0;55,0;72,78656126482214;0,7155864197530865;30,0;48,0;53,0;55,0;1,981818181818182;1,0;64,19631093544137;0,5464506172839507;19,0;49,0;54,0;55,0;2,1454545454545455;2,0
farashi;DT;autoencode;500;135,0;144,0;81,78145837459564;0,6696265766960247;44,0;90,0;114,0;136,0;3,798611111111111;2,0;74,58717072687662;0,6419930714700716;27,0;80,0;108,0;124,0;5,854166666666667;3,0
farashi;DT;autoencode;1000;173,0;185,0;84,74371637162335;0,703244605638093;45,0;110,0;132,0;160,0;5,4972972972972975;2,0;75,90332985681823;0,6791802344821997;27,0;75,0;107,0;140,0;8,621621621621621;5,0
farashi;DT;autoencode;2000;194,0;208,0;86,4648757075927;0,7575790084758742;48,0;127,0;143,0;169,0;7,927884615384615;3,0;79,47177632448144;0,7474784877359651;22,0;70,0;95,0;143,0;10,5;7,0
farashi;DT;combi;100;54,0;55,0;76,26482213438736;0,7484567901234569;33,0;49,0;53,0;55,0;1,8727272727272728;1,0;69,7364953886693;0,6546296296296297;25,0;48,0;54,0;55,0;1,9636363636363636;2,0
farashi;DT;combi;500;135,0;144,0;81,26629860698489;0,6679201481958877;44,0;91,0;113,0;135,0;3,951388888888889;2,0;73,07758962170726;0,6203489724580294;21,0;71,0;106,0;124,0;5,993055555555555;4,0
farashi;DT;combi;1000;173,0;185,0;85,0055601218392;0,7026846482469763;45,0;110,0;135,0;162,0;5,454054054054054;2,0;75,82010070382164;0,6759689562927556;30,0;75,0;105,0;139,0;8,675675675675675;5,0
farashi;DT;combi;2000;194,0;208,0;86,35356006788825;0,7569014825161743;47,0;125,0;142,0;168,0;7,990384615384615;3,0;78,89795293555699;0,738915002432171;14,0;58,0;94,0;141,0;10,802884615384615;6,0
farashi;KNN;normal;100;54,0;55,0;72,73386034255599;0,692283950617284;27,0;50,0;53,0;55,0;1,9454545454545455;2,0;76,77865612648222;0,782716049382716;32,0;52,0;54,0;55,0;1,7454545454545454;1,0
farashi;KNN;normal;500;135,0;144,0;67,06649831649833;0,4843005820067701;24,0;60,0;84,0;115,0;7,125;4,0;75,87950584274114;0,6601515084661516;40,0;89,0;108,0;121,0;5,673611111111111;3,0
farashi;KNN;normal;1000;173,0;185,0;70,3997762137297;0,5314200811666453;34,0;58,0;81,0;128,0;11,216216216216216;6,0;78,54262644960319;0,7050004443761317;43,0;94,0;118,0;139,0;7,6702702702702705;3,0
farashi;KNN;normal;2000;194,0;208,0;66,16153820746568;0,5062187331002341;21,0;36,0;58,0;92,0;19,802884615384617;12,0;80,9591501773428;0,7601626696437882;44,0;96,0;119,0;140,0;9,990384615384615;4,0
farashi;KNN;autoencode;100;54,0;55,0;68,47167325428195;0,6203703703703703;26,0;47,0;53,0;55,0;2,109090909090909;2,0;71,93017127799737;0,6768518518518519;26,0;50,0;53,0;55,0;1,9090909090909092;2,0
farashi;KNN;autoencode;500;135,0;144,0;66,00399419026871;0,4744126434470563;22,0;56,0;83,0;112,0;7,305555555555555;5,0;75,97172707466825;0,6614983098129529;40,0;89,0;109,0;121,0;5,659722222222222;3,0
farashi;KNN;autoencode;1000;173,0;185,0;66,89468922027062;0,47819775349589483;20,0;48,0;70,0;120,0;12,621621621621621;7,0;78,83935046725745;0,7085352280970278;44,0;96,0;119,0;139,0;7,589189189189189;3,0
farashi;KNN;autoencode;2000;194,0;208,0;63,59876952549366;0,4698257002978636;9,0;24,0;47,0;86,0;21,39903846153846;13,0;81,01009177109059;0,760704625700268;44,0;96,0;119,0;140,0;9,966346153846153;4,0
farashi;KNN;combi;100;54,0;55,0;73,48484848484847;0,7075617283950618;28,0;49,0;54,0;55,0;1,8727272727272728;1,0;68,05006587615283;0,6297839506172841;19,0;51,0;54,0;55,0;1,981818181818182;2,0
farashi;KNN;combi;500;135,0;144,0;66,60683633722849;0,4826726801482278;26,0;57,0;85,0;113,0;7,270833333333333;5,0;76,1807206047402;0,6659625832786048;40,0;87,0;110,0;121,0;5,576388888888889;3,0
farashi;KNN;combi;1000;173,0;185,0;66,84765266160613;0,4868392483535554;19,0;48,0;72,0;121,0;12,702702702702704;7,0;78,40061886573515;0,7050459153026027;40,0;93,0;119,0;138,0;7,724324324324324;3,0
farashi;KNN;combi;2000;194,0;208,0;64,14115140705509;0,4852672185088009;15,0;28,0;51,0;90,0;21,3125;13,0;81,09984298301778;0,7632141210882225;44,0;97,0;120,0;141,0;9,932692307692308;4,0
farashi;RF;normal;100;54,0;55,0;70,50065876152833;0,6631172839506172;25,0;51,0;54,0;55,0;1,981818181818182;2,0;55,82345191040843;0,4449074074074075;14,0;46,0;52,0;55,0;2,5454545454545454;2,0
farashi;RF;normal;500;135,0;144,0;82,58401003499043;0,6930789302907122;50,0;97,0;114,0;135,0;3,8541666666666665;2,0;69,3190070641051;0,5437818051711432;15,0;63,0;89,0;119,0;6,305555555555555;4,0
farashi;RF;normal;1000;173,0;185,0;82,71223434014132;0,7032526998128944;48,0;109,0;128,0;152,0;6,481081081081081;3,0;70,5910996608671;0,5539646923077262;17,0;55,0;80,0;130,0;10,772972972972973;6,0
farashi;RF;normal;2000;194,0;208,0;82,83579529863717;0,7333539630071153;51,0;109,0;130,0;156,0;10,346153846153847;3,0;69,14470207425023;0,5718543797406326;8,0;41,0;60,0;91,0;17,177884615384617;11,0
farashi;RF;autoencode;100;54,0;55,0;69,6772068511199;0,6692901234567901;24,0;50,0;54,0;55,0;2,0;2,0;58,47826086956521;0,5243827160493828;17,0;48,0;53,0;55,0;2,4545454545454546;2,0
farashi;RF;autoencode;500;135,0;144,0;83,03995840760547;0,7182680091531115;52,0;98,0;117,0;133,0;3,7708333333333335;2,0;69,03285304020599;0,5664184281058903;29,0;61,0;85,0;116,0;6,388888888888889;4,0
farashi;RF;autoencode;1000;173,0;185,0;83,62961990868968;0,7209974830029215;49,0;116,0;129,0;156,0;6,2;2,0;67,69838583792072;0,5424988962547648;23,0;51,0;72,0;117,0;12,227027027027027;7,0
farashi;RF;autoencode;2000;194,0;208,0;83,45436725713182;0,739759421661694;49,0;107,0;131,0;156,0;9,673076923076923;3,0;66,53086476213707;0,5620317225749176;12,0;28,0;59,0;104,0;19,048076923076923;10,5
farashi;RF;combi;100;54,0;55,0;70,96179183135705;0,6799382716049381;27,0;50,0;53,0;55,0;1,981818181818182;2,0;62,18708827404479;0,5820987654320988;20,0;48,0;53,0;55,0;2,327272727272727;2,0
farashi;RF;combi;500;135,0;144,0;83,49528784577804;0,7250261115176869;52,0;101,0;118,0;133,0;3,6875;2,0;67,9088680926916;0,543520509556884;25,0;54,0;82,0;115,0;6,597222222222222;4,0
farashi;RF;combi;1000;173,0;185,0;83,68162949558298;0,7211869670976226;49,0;114,0;125,0;158,0;6,113513513513514;2,0;66,31816329490748;0,5295601926938985;23,0;53,0;70,0;112,0;12,778378378378378;8,0
farashi;RF;combi;2000;194,0;208,0;84,16545346910983;0,7514175942364524;52,0;112,0;129,0;157,0;9,153846153846153;3,0;65,51238223726334;0,5518118663291396;16,0;32,0;50,0;93,0;19,923076923076923;12,0
farashi p-value cutoff;LR;normal;100;24,0;25,0;75,97014925373135;0,7256944444444445;14,0;23,0;25,0;25,0;1,84;1,0;77,31343283582089;0,7381944444444445;15,0;23,0;25,0;25,0;1,8;1,0
farashi p-value cutoff;LR;normal;500;60,0;62,0;79,65613528079358;0,6517173933298441;21,0;35,0;49,0;55,0;5,016129032258065;2,5;74,17792704834805;0,6400132040942155;16,0;36,0;46,0;49,0;6,725806451612903;3,0
farashi p-value cutoff;LR;normal;1000;79,0;83,0;80,76190698026518;0,6696459577359344;25,0;41,0;50,0;65,0;8,74698795180723;4,0;78,42564069715304;0,7047893694349855;13,0;40,0;51,0;60,0;9,180722891566266;4,0
farashi p-value cutoff;LR;normal;2000;88,0;92,0;78,52304090822746;0,6800438431629702;29,0;41,0;51,0;59,0;15,467391304347826;4,0;80,57585509481189;0,7528927863373646;13,0;34,0;48,0;58,0;11,402173913043478;5,0
farashi p-value cutoff;LR;autoencode;100;24,0;25,0;78,23880597014926;0,7569444444444445;14,0;23,0;25,0;25,0;1,76;1,0;83,70149253731343;0,8458333333333333;16,0;23,0;25,0;25,0;1,56;1,0
farashi p-value cutoff;LR;autoencode;500;60,0;62,0;81,76208701085683;0,6722062383978634;22,0;37,0;50,0;56,0;4,435483870967742;2,0;74,06467234241974;0,6488708806465785;20,0;36,0;44,0;49,0;6,854838709677419;3,0
farashi p-value cutoff;LR;autoencode;1000;79,0;83,0;83,0722600406459;0,6910225233809288;26,0;43,0;53,0;68,0;7,506024096385542;3,0;75,44096152614324;0,6616986084602751;11,0;31,0;43,0;57,0;10,27710843373494;5,0
farashi p-value cutoff;LR;autoencode;2000;88,0;92,0;83,18318192484328;0,7233881931943741;30,0;46,0;53,0;67,0;11,51086956521739;3,5;79,4866637614115;0,7348189056623238;13,0;31,0;40,0;57,0;11,98913043478261;7,5
farashi p-value cutoff;LR;combi;100;24,0;25,0;78,17910447761194;0,748611111111111;13,0;24,0;25,0;25,0;1,72;1,0;78,74626865671642;0,7451388888888889;14,0;23,0;25,0;25,0;1,72;1,0
farashi p-value cutoff;LR;combi;500;60,0;62,0;82,46016558619074;0,6889721114137365;23,0;38,0;52,0;56,0;4,338709677419355;2,0;74,69636022807154;0,6597236767702079;20,0;37,0;43,0;50,0;6,612903225806452;3,0
farashi p-value cutoff;LR;combi;1000;79,0;83,0;83,64846529666272;0,6946107568592914;25,0;44,0;53,0;70,0;7,120481927710843;3,0;76,66703546908757;0,6709727148251294;9,0;34,0;45,0;59,0;9,662650602409638;5,0
farashi p-value cutoff;LR;combi;2000;88,0;92,0;81,58822477735688;0,7077246431579428;30,0;45,0;51,0;65,0;12,956521739130435;4,0;78,57793346965684;0,7337106210548753;10,0;26,0;39,0;57,0;12,597826086956522;8,0
farashi p-value cutoff;SVM;normal;100;24,0;25,0;71,79104477611939;0,7020833333333334;12,0;24,0;25,0;25,0;1,96;2,0;56,35820895522387;0,43333333333333335;6,0;21,0;25,0;25,0;2,52;3,0
farashi p-value cutoff;SVM;normal;500;60,0;62,0;82,62711864406779;0,7128736979548419;24,0;36,0;51,0;56,0;4,225806451612903;2,0;62,95204249004141;0,4420875662856798;5,0;22,0;32,0;44,0;9,016129032258064;5,0
farashi p-value cutoff;SVM;normal;1000;79,0;83,0;85,01138434841347;0,7228402991687591;26,0;45,0;54,0;71,0;6,240963855421687;3,0;67,0657497073844;0,4876869371400135;6,0;19,0;31,0;53,0;15,421686746987952;7,0
farashi p-value cutoff;SVM;normal;2000;88,0;92,0;82,21732425999798;0,7213568602667374;30,0;46,0;51,0;63,0;11,293478260869565;3,5;63,16723095661113;0,4533918455597861;3,0;11,0;17,0;33,0;25,23913043478261;14,0
farashi p-value cutoff;SVM;autoencode;100;24,0;25,0;76,53731343283583;0,6916666666666665;13,0;24,0;25,0;25,0;1,8;1,0;66,6268656716418;0,525;9,0;24,0;25,0;25,0;2,12;2,0
farashi p-value cutoff;SVM;autoencode;500;60,0;62,0;85,62348668280872;0,7653544901389359;28,0;41,0;49,0;59,0;3,596774193548387;2,0;69,25330000781067;0,5805666316572522;14,0;28,0;36,0;46,0;7,596774193548387;4,0
farashi p-value cutoff;SVM;autoencode;1000;79,0;83,0;87,34153627560023;0,776232125195958;29,0;48,0;59,0;75,0;5,698795180722891;2,0;69,60262509681063;0,5546446640303464;9,0;23,0;35,0;54,0;14,566265060240964;7,0
farashi p-value cutoff;SVM;autoencode;2000;88,0;92,0;87,56592694400679;0,7897502590251331;34,0;50,0;58,0;70,0;8,33695652173913;2,0;68,44711318203659;0,5496859323890921;5,0;15,0;21,0;40,0;21,66304347826087;11,0
farashi p-value cutoff;SVM;combi;100;24,0;25,0;66,74626865671642;0,6020833333333333;11,0;21,0;24,0;25,0;2,24;2,0;57,37313432835821;0,4277777777777778;5,0;21,0;23,0;25,0;2,6;2,0
farashi p-value cutoff;SVM;combi;500;60,0;62,0;86,29715691634775;0,7735440314426277;26,0;43,0;52,0;58,0;3,370967741935484;2,0;66,10071858158244;0,5258740121747818;13,0;22,0;35,0;45,0;8,419354838709678;4,0
farashi p-value cutoff;SVM;combi;1000;79,0;83,0;88,85993466373954;0,7981675032337661;33,0;50,0;61,0;77,0;4,855421686746988;2,0;66,96471725471243;0,5235874561914557;10,0;17,0;31,0;52,0;15,759036144578314;8,0
farashi p-value cutoff;SVM;combi;2000;88,0;92,0;88,04752885700557;0,8022600342240963;33,0;50,0;56,0;73,0;7,586956521739131;2,5;67,16991831763379;0,5468690691848695;3,0;11,0;19,0;46,0;22,01086956521739;10,5
farashi p-value cutoff;DT;normal;100;24,0;25,0;68,8955223880597;0,6673611111111111;11,0;22,0;25,0;25,0;2,08;2,0;72,71641791044776;0,7388888888888889;13,0;21,0;24,0;25,0;2,0;1,0
farashi p-value cutoff;DT;normal;500;60,0;62,0;83,50972428337109;0,7248495263082793;22,0;39,0;52,0;58,0;4,080645161290323;2,0;72,09540732640787;0,5714484822353535;9,0;34,0;43,0;48,0;7,016129032258065;3,0
farashi p-value cutoff;DT;normal;1000;79,0;83,0;83,79462751926022;0,6955802862732064;26,0;44,0;53,0;68,0;6,9879518072289155;3,0;77,5917590128518;0,6726490038523909;15,0;34,0;45,0;58,0;9,168674698795181;4,0
farashi p-value cutoff;DT;normal;2000;88,0;92,0;84,12585341870313;0,744182350812989;29,0;48,0;54,0;69,0;10,782608695652174;3,0;78,58938687942073;0,7316139256510265;10,0;25,0;38,0;57,0;12,48913043478261;7,0
farashi p-value cutoff;DT;autoencode;100;24,0;25,0;61,43283582089553;0,5631944444444444;11,0;20,0;22,0;25,0;2,64;2,0;75,97014925373135;0,7576388888888888;14,0;22,0;24,0;25,0;1,88;1,0
farashi p-value cutoff;DT;autoencode;500;60,0;62,0;80,68909630555339;0,6558826654932637;20,0;37,0;49,0;55,0;4,661290322580645;3,0;72,21061469967977;0,6083018747203444;13,0;32,0;44,0;49,0;7,064516129032258;3,0
farashi p-value cutoff;DT;autoencode;1000;79,0;83,0;85,640871848923;0,7123488025670391;24,0;46,0;58,0;72,0;6,0602409638554215;3,0;75,52132163259128;0,6668632842904155;10,0;30,0;43,0;56,0;10,108433734939759;5,0
farashi p-value cutoff;DT;autoencode;2000;88,0;92,0;85,24228151922496;0,7482063975293329;28,0;47,0;56,0;71,0;9,891304347826088;3,0;77,86684433419371;0,7298496025491119;10,0;25,0;38,0;55,0;12,956521739130435;8,0
farashi p-value cutoff;DT;combi;100;24,0;25,0;65,67164179104478;0,6083333333333334;12,0;20,0;22,0;25,0;2,44;2,0;80,14925373134328;0,7909722222222223;16,0;22,0;25,0;25,0;1,72;1,0
farashi p-value cutoff;DT;combi;500;60,0;62,0;81,08451144263064;0,6659494199924895;19,0;37,0;50,0;56,0;4,564516129032258;2,5;69,92404124033429;0,5762002253537581;13,0;29,0;41,0;48,0;7,596774193548387;4,0
farashi p-value cutoff;DT;combi;1000;79,0;83,0;84,92811264390573;0,7102019726037537;26,0;45,0;55,0;70,0;6,349397590361446;3,0;74,85340103769354;0,6672876361167843;10,0;30,0;42,0;54,0;10,506024096385541;5,0
farashi p-value cutoff;DT;combi;2000;88,0;92,0;84,358972210117;0,7410044500445359;28,0;47,0;55,0;70,0;10,652173913043478;3,0;77,8781580682288;0,7301403280756914;11,0;29,0;39,0;53,0;13,08695652173913;7,0
farashi p-value cutoff;KNN;normal;100;24,0;25,0;76,08955223880596;0,7465277777777777;15,0;22,0;24,0;25,0;1,96;1,0;78,74626865671642;0,8249999999999998;14,0;23,0;25,0;25,0;1,72;1,0
farashi p-value cutoff;KNN;normal;500;60,0;62,0;71,70487385768959;0,5395060286397535;14,0;28,0;42,0;49,0;6,887096774193548;4,0;75,36417245957978;0,6545851534948851;21,0;38,0;46,0;49,0;6,548387096774194;3,0
farashi p-value cutoff;KNN;normal;1000;79,0;83,0;75,93593319629412;0,5799901924932434;19,0;35,0;45,0;59,0;11,060240963855422;5,0;78,43845172861577;0,6997309350193075;21,0;40,0;49,0;58,0;9,108433734939759;4,0
farashi p-value cutoff;KNN;normal;2000;88,0;92,0;66,90928340764081;0,49670098530327333;7,0;15,0;27,0;39,0;22,554347826086957;12,0;81,45651056507214;0,7649938781979512;21,0;41,0;49,0;58,0;10,956521739130435;5,0
farashi p-value cutoff;KNN;autoencode;100;24,0;25,0;72,71641791044776;0,6736111111111112;13,0;22,0;25,0;25,0;1,96;1,0;74,50746268656717;0,6375000000000001;10,0;23,0;25,0;25,0;1,84;2,0
farashi p-value cutoff;KNN;autoencode;500;60,0;62,0;72,55818948683903;0,5373699994922302;15,0;27,0;42,0;50,0;6,612903225806452;4,0;76,46059517300631;0,6665819067416384;20,0;39,0;47,0;50,0;6,274193548387097;3,0
farashi p-value cutoff;KNN;autoencode;1000;79,0;83,0;69,70860726618412;0,500714751499815;12,0;23,0;35,0;55,0;14,156626506024097;7,0;78,5691824814968;0,7020049554466806;20,0;41,0;49,0;58,0;9,060240963855422;4,0
farashi p-value cutoff;KNN;autoencode;2000;88,0;92,0;65,0508978355849;0,47663037303071754;5,0;12,0;24,0;37,0;24,043478260869566;13,5;81,48109349334585;0,7654147536188265;21,0;41,0;49,0;58,0;10,945652173913043;5,0
farashi p-value cutoff;KNN;combi;100;24,0;25,0;71,28358208955223;0,6076388888888888;12,0;21,0;24,0;25,0;2,12;2,0;79,88059701492539;0,7798611111111112;14,0;23,0;25,0;25,0;1,68;1,0
farashi p-value cutoff;KNN;combi;500;60,0;62,0;76,34441146606264;0,6055819651287647;22,0;34,0;44,0;51,0;5,919354838709677;3,0;73,87916894477857;0,6414158079761391;18,0;36,0;44,0;48,0;6,82258064516129;3,0
farashi p-value cutoff;KNN;combi;1000;79,0;83,0;70,72067875173968;0,5068586950318975;11,0;23,0;36,0;55,0;13,421686746987952;7,0;77,75801126206129;0,6904606641639804;18,0;38,0;48,0;58,0;9,373493975903614;4,0
farashi p-value cutoff;KNN;combi;2000;88,0;92,0;65,68698110466741;0,4815804953721443;5,0;12,0;26,0;39,0;23,717391304347824;12,5;81,4629356485982;0,7652590873672698;21,0;41,0;49,0;58,0;10,956521739130435;5,0
farashi p-value cutoff;RF;normal;100;24,0;25,0;74,20895522388061;0,6687500000000001;11,0;23,0;25,0;25,0;1,88;2,0;57,64179104477611;0,4472222222222222;6,0;22,0;25,0;25,0;2,44;3,0
farashi p-value cutoff;RF;normal;500;60,0;62,0;80,9566117316254;0,68878291599526;23,0;35,0;46,0;55,0;4,532258064516129;2,5;66,9901585565883;0,48047803373093034;4,0;23,0;32,0;46,0;7,532258064516129;5,0
farashi p-value cutoff;RF;normal;1000;79,0;83,0;82,02495821856785;0,6987285411632729;26,0;42,0;50,0;67,0;8,216867469879517;3,0;68,6045292819417;0,5063333251028126;6,0;15,0;30,0;53,0;13,819277108433734;8,0
farashi p-value cutoff;RF;normal;2000;88,0;92,0;82,19567452202965;0,7321883587737011;33,0;44,0;52,0;65,0;12,41304347826087;4,5;70,17168940587531;0,5671355186872339;4,0;10,0;19,0;50,0;19,565217391304348;9,5
farashi p-value cutoff;RF;autoencode;100;24,0;25,0;64,6268656716418;0,5743055555555555;9,0;22,0;24,0;25,0;2,32;2,0;60,537313432835816;0,5361111111111111;9,0;19,0;24,0;25,0;2,48;2,0
farashi p-value cutoff;RF;autoencode;500;60,0;62,0;82,75501835507303;0,6939297673416348;21,0;39,0;48,0;56,0;4,064516129032258;2,0;64,88518316019682;0,4743219926643867;11,0;22,0;32,0;43,0;8,435483870967742;5,0
farashi p-value cutoff;RF;autoencode;1000;79,0;83,0;84,10995358912693;0,7332599410213331;29,0;46,0;51,0;71,0;6,9397590361445785;2,0;66,1506344372172;0,5058160859030562;8,0;15,0;31,0;47,0;15,44578313253012;9,0
farashi p-value cutoff;RF;autoencode;2000;88,0;92,0;83,64844177756919;0,7563836127887817;31,0;46,0;55,0;66,0;10,826086956521738;3,5;62,71202775636083;0,4987498236533551;6,0;9,0;13,0;33,0;25,23913043478261;15,5
farashi p-value cutoff;RF;combi;100;24,0;25,0;61,373134328358205;0,5548611111111111;9,0;19,0;24,0;25,0;2,44;2,0;59,40298507462687;0,5027777777777779;6,0;20,0;23,0;25,0;2,48;2,0
farashi p-value cutoff;RF;combi;500;60,0;62,0;83,33007888776068;0,7012764607143039;22,0;39,0;47,0;57,0;3,903225806451613;2,0;63,79266578145747;0,4600521479450191;7,0;23,0;30,0;44,0;8,741935483870968;6,0
farashi p-value cutoff;RF;combi;1000;79,0;83,0;84,33764055739633;0,731911399600821;30,0;46,0;56,0;67,0;6,819277108433735;2,0;65,49698067281209;0,4991276300149422;9,0;16,0;27,0;47,0;16,048192771084338;9,0
farashi p-value cutoff;RF;combi;2000;88,0;92,0;85,05330025812074;0,7756281350835558;32,0;48,0;55,0;68,0;10,16304347826087;2,5;63,91184226699295;0,5247090853061004;6,0;11,0;17,0;34,0;24,47826086956522;14,5
