SNP ID;gene_ids;predicted;Class;For-SNP rank
rs9979125;ENSG00000184012;0.529490282161429;1;1
rs9979125;ENSG00000183486;0.44315567712646387;0;2
rs9979125;ENSG00000160183;0.43890386151566074;0;3
rs9979125;ENSG00000182240;0.42055419417079415;0;4
rs9925556;ENSG00000007038;0.507644299750337;0;1
rs9925556;ENSG00000162078;0.49920502986729587;1;2
rs9856752;ENSG00000064835;0.462854494893047;0;1
rs9856752;ENSG00000083937;0.4416217701858953;1;2
rs9296365;ENSG00000137166;0.4074943474742501;1;1
rs914187;ENSG00000184012;0.529490282161429;0;1
rs914187;ENSG00000183486;0.44315567712646387;0;2
rs914187;ENSG00000160183;0.43890386151566074;0;3
rs914187;ENSG00000182240;0.42055419417079415;1;4
rs8107333;ENSG00000007129;0.4582785910163088;1;1
rs7934971;ENSG00000110042;0.3769608818909301;1;1
rs785373;ENSG00000145781;0.4140636578730517;1;1
rs7632169;ENSG00000175792;0.39131933874295083;1;1
rs7632169;ENSG00000132394;0.37211186358519155;0;2
rs75056606;ENSG00000143457;0.8782613002912247;0;1
rs75056606;ENSG00000143387;0.6010327820171076;0;2
rs75056606;ENSG00000143379;0.5966993438792916;0;3
rs75056606;ENSG00000143437;0.5386760573287602;0;4
rs75056606;ENSG00000143412;0.528084560851462;0;5
rs75056606;ENSG00000163131;0.5155638887301812;1;6
rs75056606;ENSG00000143452;0.5113585730378666;0;7
rs75056606;ENSG00000143420;0.5028912073761536;0;8
rs75056606;ENSG00000143418;0.49966910855838786;0;9
rs708723;ENSG00000069275;0.5844069797854805;0;1
rs708723;ENSG00000117280;0.5267877253961992;1;2
rs708723;ENSG00000162877;0.5128825374625477;0;3
rs708723;ENSG00000133065;0.5071461311964851;0;4
rs6799720;ENSG00000152952;0.44113077231052417;1;1
rs6785962;ENSG00000206530;0.6535828795964764;1;1
rs6785962;ENSG00000163611;0.4408117771631235;0;2
rs6785962;ENSG00000072858;0.4347867623474977;0;3
rs6738645;ENSG00000118640;0.5073009572674159;0;1
rs6738645;ENSG00000115486;0.5004903818891759;1;2
rs6738645;ENSG00000168899;0.46927163263740684;0;3
rs6738645;ENSG00000168906;0.43549577300905984;0;4
rs6573971;ENSG00000213463;0.5100752982841263;1;1
rs6573971;ENSG00000133997;0.4277786677449004;0;2
rs6573971;ENSG00000134007;0.38570516559650575;0;3
rs6573971;ENSG00000133983;0.3214583868383327;0;4
rs6557271;ENSG00000091844;0.47235358708459996;1;1
rs6512130;ENSG00000174652;0.47248410028645116;1;1
rs6512130;ENSG00000130818;0.33903240225555403;0;2
rs58057291;ENSG00000115648;0.4610224304241853;1;1
rs4962720;ENSG00000175029;0.5011260738846235;1;1
rs4962720;ENSG00000019995;0.4246398787478494;0;2
rs4245739;ENSG00000133056;0.6075150368497086;0;1
rs4245739;ENSG00000198625;0.5307486233877574;1;2
rs4245739;ENSG00000170382;0.5247445852192529;0;3
rs3847414;ENSG00000165322;0.5018579569931175;1;1
rs3847414;ENSG00000170759;0.47272363558226327;0;2
rs3798439;ENSG00000196586;0.5291992552876966;1;1
rs3798439;ENSG00000118407;0.4160889256735379;0;2
rs3798439;ENSG00000112701;0.36107265493634805;0;3
rs3771578;ENSG00000168385;0.524243201447252;1;1
rs3771578;ENSG00000006607;0.5239461462103553;0;2
rs3771578;ENSG00000115677;0.4163197782042883;0;3
rs2742624;ENSG00000100373;0.5290116340677139;1;1
rs2412106;ENSG00000176153;0.5746070444784472;0;1
rs2412106;ENSG00000258289;0.4425280976537122;1;2
rs2412106;ENSG00000139998;0.38962241150226784;0;3
rs2253829;ENSG00000197114;0.6158969060529554;1;1
rs2253829;ENSG00000197457;0.5184263331246087;0;2
rs2253829;ENSG00000130584;0.4353013964909038;0;3
rs2253829;ENSG00000125520;0.36589848851773227;0;4
rs2253829;ENSG00000101246;0.31145736240787913;0;5
rs2011345;ENSG00000010932;0.5514283645959167;0;1
rs2011345;ENSG00000076258;0.5101711804582014;1;2
rs185397;ENSG00000125166;0.39483958316632706;1;1
rs182314334;ENSG00000152601;0.509494831648025;1;1
rs17632542;ENSG00000142515;0.4594668215789877;1;1
rs17122571;ENSG00000079387;0.5238481736749251;0;1
rs17122571;ENSG00000139219;0.5224841839912411;1;2
rs17122571;ENSG00000187166;0.517385140195477;0;3
rs17122571;ENSG00000177981;0.4771718207074261;0;4
rs17122571;ENSG00000152556;0.4684094425426819;0;5
rs16860643;ENSG00000091409;0.48537004144496565;1;1
rs12976534;ENSG00000167641;0.4638151272017412;1;1
rs12976534;ENSG00000167642;0.41689155316576604;0;2
rs11689112;ENSG00000144118;0.4755380031850288;1;1
rs11666569;ENSG00000099331;0.37559990988487774;1;1
rs11666569;ENSG00000131351;0.3575603811698312;0;2
rs11568818;ENSG00000137673;0.4645973330241605;1;1
rs112871784;ENSG00000080546;0.3994957706113071;1;1
rs1048169;ENSG00000155876;0.4986109516032513;0;1
rs1048169;ENSG00000147874;0.36028148405751087;1;2
rs1045270;ENSG00000156802;0.5822983971880566;0;1
rs1045270;ENSG00000156795;0.5802244398448605;1;2
rs10182643;ENSG00000118961;0.6151130761715925;1;1
rs10144415;ENSG00000126778;0.5219872419994614;0;1
rs10144415;ENSG00000184302;0.5089871808497394;0;2
rs10144415;ENSG00000179008;0.27273814305143057;1;3
