refset;bp distance;algorithm;ROC-AUC per chromosome;Recall snps;Recall entries;Recall genes;ROC-AUC overall (lco);ROC-AUC - mean per snpl (lco);Hits@1(lco);Hits@3(lco);Hits@5(lco);Hits@10(lco);Mean rank (lco);Median rank (lco)
Teslovich;25;LR;;7,0;7,0;7,0;38,88888888888889;0,32142857142857145;2,0;6,0;7,0;7,0;2,142857142857143;2,0
Teslovich;25;SVM;;7,0;7,0;7,0;80,95238095238095;0,8214285714285714;5,0;7,0;7,0;7,0;1,2857142857142858;1,0
Teslovich;25;DT;;7,0;7,0;7,0;72,22222222222221;0,7678571428571429;7,0;7,0;7,0;7,0;1,0;1,0
Teslovich;25;KNN1;;7,0;7,0;7,0;66,66666666666667;0,8035714285714286;7,0;7,0;7,0;7,0;1,0;1,0
Teslovich;25;KNN3;;7,0;7,0;7,0;42,857142857142854;0,5714285714285714;6,0;7,0;7,0;7,0;1,1428571428571428;1,0
Teslovich;25;KNN5;;7,0;7,0;7,0;32,53968253968254;0,4107142857142857;3,0;7,0;7,0;7,0;1,5714285714285714;2,0
Teslovich;25;KNN7;;7,0;7,0;7,0;44,44444444444444;0,39285714285714285;2,0;6,0;7,0;7,0;2,0;2,0
Teslovich;25;KNN9;;7,0;7,0;7,0;53,96825396825397;0,5357142857142857;4,0;6,0;7,0;7,0;1,7142857142857142;1,0
Teslovich;25;RF;;7,0;7,0;7,0;90,47619047619048;0,8571428571428571;6,0;7,0;7,0;7,0;1,1428571428571428;1,0
Teslovich;50;LR;;14,0;14,0;13,0;51,78571428571429;0,46071428571428574;6,0;10,0;14,0;14,0;2,4285714285714284;2,5
Teslovich;50;SVM;;14,0;14,0;13,0;59,183673469387756;0,5392857142857143;5,0;13,0;14,0;14,0;2,0714285714285716;2,0
Teslovich;50;DT;;14,0;14,0;13,0;46,42857142857143;0,5666666666666667;9,0;14,0;14,0;14,0;1,3571428571428572;1,0
Teslovich;50;KNN1;;14,0;14,0;13,0;51,78571428571429;0,588095238095238;9,0;14,0;14,0;14,0;1,3571428571428572;1,0
Teslovich;50;KNN3;;14,0;14,0;13,0;39,795918367346935;0,4494047619047619;7,0;13,0;14,0;14,0;1,6428571428571428;1,5
Teslovich;50;KNN5;;14,0;14,0;13,0;37,755102040816325;0,45000000000000007;6,0;14,0;14,0;14,0;1,7142857142857142;2,0
Teslovich;50;KNN7;;14,0;14,0;13,0;42,60204081632653;0,4321428571428572;7,0;14,0;14,0;14,0;1,8571428571428572;1,5
Teslovich;50;KNN9;;14,0;14,0;13,0;44,005102040816325;0,4178571428571428;7,0;13,0;14,0;14,0;2,0;1,5
Teslovich;50;RF;;14,0;14,0;13,0;51,78571428571429;0,4642857142857143;6,0;10,0;12,0;14,0;2,5714285714285716;2,0
Teslovich;100;LR;;22,0;22,0;21,0;70,48846675712348;0,6548451548451548;12,0;16,0;21,0;22,0;2,4545454545454546;1,0
Teslovich;100;SVM;;22,0;22,0;21,0;65,73948439620081;0,535914085914086;7,0;17,0;20,0;22,0;2,590909090909091;2,0
Teslovich;100;DT;;22,0;22,0;21,0;65,50203527815468;0,6387112887112888;17,0;22,0;22,0;22,0;1,2272727272727273;1,0
Teslovich;100;KNN1;;22,0;22,0;21,0;60,21031207598371;0,6184940059940061;15,0;22,0;22,0;22,0;1,3181818181818181;1,0
Teslovich;100;KNN3;;22,0;22,0;21,0;56,953867028493896;0,500899100899101;11,0;22,0;22,0;22,0;1,6363636363636365;1,5
Teslovich;100;KNN5;;22,0;22,0;21,0;53,867028493894175;0,49996253746253744;8,0;22,0;22,0;22,0;1,7727272727272727;2,0
Teslovich;100;KNN7;;22,0;22,0;21,0;65,60379918588875;0,6245629370629371;12,0;21,0;22,0;22,0;1,5909090909090908;1,0
Teslovich;100;KNN9;;22,0;22,0;21,0;58,78561736770692;0,5952672327672327;12,0;21,0;22,0;22,0;1,5909090909090908;1,0
Teslovich;100;RF;;22,0;22,0;21,0;70,3527815468114;0,6058441558441559;12,0;16,0;21,0;21,0;2,5;1,0
Teslovich;500;LR;0,4197230381344798;60,0;63,0;60,0;61,23193935693935;0,4915376378096969;9,0;23,0;34,0;52,0;6,825396825396825;5,0
Teslovich;500;SVM;0,4441334040031395;60,0;63,0;60,0;60,20299145299144;0,47703134890135274;9,0;20,0;31,0;52,0;6,936507936507937;6,0
Teslovich;500;DT;0,45592289702089683;60,0;63,0;60,0;58,15399877899877;0,5164109058987142;34,0;63,0;63,0;63,0;1,4603174603174602;1,0
Teslovich;500;KNN1;0,48878104293848834;60,0;63,0;60,0;61,904761904761905;0,5525855452736617;36,0;63,0;63,0;63,0;1,4285714285714286;1,0
Teslovich;500;KNN3;0,47620360913559256;60,0;63,0;60,0;58,31298331298331;0,5063793273335743;17,0;63,0;63,0;63,0;1,873015873015873;2,0
Teslovich;500;KNN5;0,4750765705680704;60,0;63,0;60,0;61,32351444851445;0,5174979665926415;24,0;63,0;63,0;63,0;1,8888888888888888;2,0
Teslovich;500;KNN7;0,4500292688839128;60,0;63,0;60,0;58,62204924704925;0,5121324355428162;17,0;61,0;63,0;63,0;2,0634920634920637;2,0
Teslovich;500;KNN9;0,47605476774791927;60,0;63,0;60,0;61,85134310134309;0,547202804392991;13,0;56,0;63,0;63,0;2,2698412698412698;2,0
Teslovich;500;RF;0,4699409693579791;60,0;63,0;60,0;67,10800773300772;0,577508670703866;8,0;32,0;43,0;54,0;5,841269841269841;3,0
Teslovich;1000;LR;0,5130385205135113;76,0;79,0;73,0;65,20831646469281;0,5583368540018006;4,0;22,0;37,0;56,0;9,810126582278482;6,0
Teslovich;1000;SVM;0,41932581745605707;76,0;79,0;73,0;60,19990463595225;0,4588982819365507;6,0;16,0;27,0;49,0;11,240506329113924;8,0
Teslovich;1000;DT;0,5330108709224565;76,0;79,0;73,0;57,06233749876297;0,49940197947580944;33,0;79,0;79,0;79,0;1,5822784810126582;2,0
Teslovich;1000;KNN1;0,5286867424603936;76,0;79,0;73,0;57,428049625291266;0,48575843149731884;42,0;79,0;79,0;79,0;1,4683544303797469;1,0
Teslovich;1000;KNN3;0,5441210289118634;76,0;79,0;73,0;58,15452574379459;0,5112020729644234;17,0;79,0;79,0;79,0;1,9113924050632911;2,0
Teslovich;1000;KNN5;0,506301448565734;76,0;79,0;73,0;55,73128930393242;0,48257355358010384;16,0;77,0;79,0;79,0;2,151898734177215;2,0
Teslovich;1000;KNN7;0,5038513034235964;76,0;79,0;73,0;56,18561802200571;0,4928723137534771;11,0;75,0;79,0;79,0;2,3417721518987342;2,0
Teslovich;1000;KNN9;0,527193380128996;76,0;79,0;73,0;58,0857016904627;0,5089476356419574;11,0;69,0;79,0;79,0;2,4050632911392404;2,0
Teslovich;1000;RF;0,5506952207877801;76,0;79,0;73,0;68,08138331848893;0,5877927258899165;11,0;26,0;34,0;59,0;9,151898734177216;6,0
Teslovich;2000;LR;0,5347303649004882;89,0;92,0;86,0;66,49814484901133;0,5854437802290907;2,0;17,0;28,0;49,0;15,673913043478262;9,0
Teslovich;2000;SVM;0,5008915282808472;89,0;92,0;86,0;60,44663496223443;0,4931051840922847;5,0;10,0;19,0;40,0;19,532608695652176;12,0
Teslovich;2000;DT;0,5302232903735423;89,0;92,0;86,0;59,089319630736604;0,5035267905732035;39,0;92,0;92,0;92,0;1,576086956521739;2,0
Teslovich;2000;KNN1;0,5224864230452915;89,0;92,0;86,0;57,026936497887185;0,4998532552616877;41,0;92,0;92,0;92,0;1,5543478260869565;2,0
Teslovich;2000;KNN3;0,5416353670239645;89,0;92,0;86,0;57,27760273266686;0,514339493867809;19,0;91,0;92,0;92,0;1,934782608695652;2,0
Teslovich;2000;KNN5;0,5423892017050943;89,0;92,0;86,0;58,526516880401644;0,5190660560325892;17,0;90,0;92,0;92,0;2,0869565217391304;2,0
Teslovich;2000;KNN7;0,5580695039136695;89,0;92,0;86,0;59,35323694400684;0,5311083042556037;17,0;87,0;92,0;92,0;2,217391304347826;2,0
Teslovich;2000;KNN9;0,5309998187210132;89,0;92,0;86,0;58,95644076031744;0,5116783251753525;14,0;86,0;92,0;92,0;2,402173913043478;2,0
Teslovich;2000;RF;0,5419319556437461;89,0;92,0;86,0;66,36287342275358;0,5872768199282822;6,0;21,0;26,0;50,0;16,369565217391305;9,0
Teslovich;depict;LR;;67,0;68,0;66,0;82,14903608502225;0,8111568462753713;50,0;61,0;63,0;66,0;1,8676470588235294;1,0
Teslovich;depict;SVM;;67,0;68,0;66,0;78,14508156203658;0,7345946293487996;45,0;60,0;62,0;67,0;2,0441176470588234;1,0
Teslovich;depict;DT;;67,0;68,0;66,0;65,02100840336134;0,7404919792430769;53,0;68,0;68,0;68,0;1,2205882352941178;1,0
Teslovich;depict;KNN1;;67,0;68,0;66,0;65,96638655462185;0,7799011056254253;60,0;68,0;68,0;68,0;1,1176470588235294;1,0
Teslovich;depict;KNN3;;67,0;68,0;66,0;70,56969846762235;0,7485205751228579;51,0;67,0;68,0;68,0;1,338235294117647;1,0
Teslovich;depict;KNN5;;67,0;68,0;66,0;74,98146317350471;0,751089219043565;49,0;63,0;68,0;68,0;1,4705882352941178;1,0
Teslovich;depict;KNN7;;67,0;68,0;66,0;71,52743450321306;0,7402131816091431;48,0;64,0;68,0;68,0;1,4705882352941178;1,0
Teslovich;depict;KNN9;;67,0;68,0;66,0;73,74567474048443;0,7329348292912823;48,0;62,0;68,0;68,0;1,5294117647058822;1,0
Teslovich;depict;RF;;67,0;68,0;66,0;78,781512605042;0,7496956267807893;47,0;61,0;64,0;67,0;1,9705882352941178;1,0
DeRycke;25;LR;;15,0;19,0;16,0;75,91093117408906;0,8066666666666666;13,0;17,0;18,0;19,0;1,6842105263157894;1,0
DeRycke;25;SVM;;15,0;19,0;16,0;74,08906882591093;0,8111111111111112;12,0;18,0;18,0;19,0;1,6842105263157894;1,0
DeRycke;25;DT;;15,0;19,0;16,0;54,8582995951417;0,7966666666666666;15,0;19,0;19,0;19,0;1,2105263157894737;1,0
DeRycke;25;KNN1;;15,0;19,0;16,0;66,39676113360325;0,8311111111111111;15,0;19,0;19,0;19,0;1,2105263157894737;1,0
DeRycke;25;KNN3;;15,0;19,0;16,0;61,943319838056674;0,7666666666666667;14,0;19,0;19,0;19,0;1,263157894736842;1,0
DeRycke;25;KNN5;;15,0;19,0;16,0;59,71659919028339;0,701111111111111;12,0;18,0;19,0;19,0;1,5263157894736843;1,0
DeRycke;25;KNN7;;15,0;19,0;16,0;66,80161943319838;0,7844444444444444;11,0;19,0;19,0;19,0;1,4736842105263157;1,0
DeRycke;25;KNN9;;15,0;19,0;16,0;62,145748987854255;0,8;15,0;19,0;19,0;19,0;1,263157894736842;1,0
DeRycke;25;RF;;15,0;19,0;16,0;76,51821862348179;0,8555555555555555;13,0;18,0;18,0;19,0;1,6842105263157894;1,0
DeRycke;50;LR;;22,0;28,0;23,0;66,4835164835165;0,650974025974026;14,0;25,0;27,0;28,0;1,9285714285714286;1,5
DeRycke;50;SVM;;22,0;28,0;23,0;67,10164835164835;0,762987012987013;15,0;25,0;27,0;28,0;1,9642857142857142;1,0
DeRycke;50;DT;;22,0;28,0;23,0;56,59340659340659;0,7399891774891775;22,0;28,0;28,0;28,0;1,2142857142857142;1,0
DeRycke;50;KNN1;;22,0;28,0;23,0;79,39560439560441;0,8793290043290043;24,0;28,0;28,0;28,0;1,1428571428571428;1,0
DeRycke;50;KNN3;;22,0;28,0;23,0;73,5576923076923;0,823051948051948;21,0;28,0;28,0;28,0;1,2857142857142858;1,0
DeRycke;50;KNN5;;22,0;28,0;23,0;66,34615384615384;0,7502705627705627;19,0;28,0;28,0;28,0;1,3928571428571428;1,0
DeRycke;50;KNN7;;22,0;28,0;23,0;56,387362637362635;0,6398809523809524;18,0;28,0;28,0;28,0;1,4642857142857142;1,0
DeRycke;50;KNN9;;22,0;28,0;23,0;60,23351648351649;0,6523268398268398;16,0;27,0;28,0;28,0;1,6071428571428572;1,0
DeRycke;50;RF;;22,0;28,0;23,0;68,47527472527473;0,7673160173160173;15,0;24,0;28,0;28,0;1,8571428571428572;1,0
DeRycke;100;LR;;29,0;36,0;29,0;67,04144620811287;0,5694879832810867;14,0;31,0;34,0;36,0;2,2222222222222223;2,0
DeRycke;100;SVM;;29,0;36,0;29,0;64,35185185185185;0,5582027168234065;13,0;31,0;34,0;36,0;2,25;2,0
DeRycke;100;DT;;29,0;36,0;29,0;59,32539682539682;0,6256008359456635;25,0;36,0;36,0;36,0;1,3055555555555556;1,0
DeRycke;100;KNN1;;29,0;36,0;29,0;59,523809523809526;0,6043364681295715;24,0;36,0;36,0;36,0;1,3333333333333333;1,0
DeRycke;100;KNN3;;29,0;36,0;29,0;67,48236331569665;0,5808254963427377;23,0;36,0;36,0;36,0;1,3888888888888888;1,0
DeRycke;100;KNN5;;29,0;36,0;29,0;59,25925925925927;0,523667711598746;15,0;36,0;36,0;36,0;1,6666666666666667;2,0
DeRycke;100;KNN7;;29,0;36,0;29,0;49,66931216931217;0,4595088819226751;15,0;36,0;36,0;36,0;1,8055555555555556;2,0
DeRycke;100;KNN9;;29,0;36,0;29,0;50,903880070546734;0,460919540229885;16,0;36,0;36,0;36,0;1,8611111111111112;2,0
DeRycke;100;RF;;29,0;36,0;29,0;70,56878306878306;0,6968652037617555;18,0;33,0;35,0;36,0;2,0277777777777777;1,5
DeRycke;500;LR;0,2754067204226502;76,0;116,0;72,0;53,67518943231088;0,3119160160040735;4,0;24,0;44,0;79,0;9,370689655172415;7,0
DeRycke;500;SVM;0,5178900229545015;76,0;116,0;72,0;61,19068843956401;0,5107859446751704;15,0;39,0;57,0;85,0;8,008620689655173;6,0
DeRycke;500;DT;0,4226397082331381;76,0;116,0;72,0;57,89942866404636;0,5157687561270178;53,0;116,0;116,0;116,0;1,5517241379310345;2,0
DeRycke;500;KNN1;0,4061115646141677;76,0;116,0;72,0;61,50573361967665;0,5111314849940382;56,0;116,0;116,0;116,0;1,5172413793103448;2,0
DeRycke;500;KNN3;0,3607442056048809;76,0;116,0;72,0;52,53302402852628;0,48961960164396656;32,0;116,0;116,0;116,0;1,7672413793103448;2,0
DeRycke;500;KNN5;0,35022376381328724;76,0;116,0;72,0;55,994975485230356;0,4538347363939512;23,0;111,0;116,0;116,0;2,2155172413793105;2,0
DeRycke;500;KNN7;0,346004524595355;76,0;116,0;72,0;53,29683131407269;0,4362873781263111;27,0;109,0;116,0;116,0;2,2672413793103448;2,0
DeRycke;500;KNN9;0,3184305864324982;76,0;116,0;72,0;49,18655537096317;0,391608854054609;16,0;101,0;116,0;116,0;2,413793103448276;2,0
DeRycke;500;RF;0,3939937058143989;76,0;116,0;72,0;56,29989059524293;0,4124357779845162;11,0;33,0;49,0;81,0;9,275862068965518;7,0
DeRycke;1000;LR;0,40472687388517337;95,0;157,0;98,0;58,60622936605863;0,4259792405050941;8,0;27,0;50,0;85,0;15,840764331210192;9,0
DeRycke;1000;SVM;0,5258893244726827;95,0;157,0;98,0;61,82212291993196;0,4972125408445377;14,0;37,0;54,0;86,0;13,751592356687897;10,0
DeRycke;1000;DT;0,4629062743545225;95,0;157,0;98,0;53,38013139026911;0,4832127686173586;43,0;157,0;157,0;157,0;1,7261146496815287;2,0
DeRycke;1000;KNN1;0,46122360420403413;95,0;157,0;98,0;58,1963851002101;0,5153876221903352;61,0;157,0;157,0;157,0;1,6114649681528663;2,0
DeRycke;1000;KNN3;0,4354019338288725;95,0;157,0;98,0;54,48160869710208;0,4887133316451844;31,0;155,0;157,0;157,0;2,140127388535032;2,0
DeRycke;1000;KNN5;0,4351978883655251;95,0;157,0;98,0;56,84346550171742;0,4841679104226594;25,0;155,0;157,0;157,0;2,2356687898089174;2,0
DeRycke;1000;KNN7;0,41025266240608316;95,0;157,0;98,0;53,697435555407345;0,46666564593631654;23,0;152,0;157,0;157,0;2,426751592356688;3,0
DeRycke;1000;KNN9;0,43186074900611515;95,0;157,0;98,0;52,238470003668255;0,46424135234028696;20,0;129,0;157,0;157,0;2,605095541401274;3,0
DeRycke;1000;RF;0,42993226450638716;95,0;157,0;98,0;57,670157068062835;0,45625925690669444;7,0;30,0;54,0;81,0;16,038216560509554;10,0
DeRycke;2000;LR;0,4970446673461845;106,0;175,0;109,0;59,55927921233513;0,5411974035288407;6,0;17,0;38,0;66,0;23,50857142857143;16,0
DeRycke;2000;SVM;0,526799025159861;106,0;175,0;109,0;55,30105888909531;0,45435375927119004;6,0;19,0;28,0;57,0;26,571428571428573;18,0
DeRycke;2000;DT;0,4847315249970861;106,0;175,0;109,0;54,233327140999435;0,48343139303775695;51,0;175,0;175,0;175,0;1,7085714285714286;2,0
DeRycke;2000;KNN1;0,49499777844786197;106,0;175,0;109,0;59,530373397733605;0,5256246436177661;74,0;175,0;175,0;175,0;1,5771428571428572;2,0
DeRycke;2000;KNN3;0,472576737381075;106,0;175,0;109,0;52,74003343860301;0,5187320070479992;23,0;175,0;175,0;175,0;2,1314285714285712;2,0
DeRycke;2000;KNN5;0,5214310794351654;106,0;175,0;109,0;56,57663013189671;0,5263272286721747;27,0;172,0;175,0;175,0;2,2914285714285714;2,0
DeRycke;2000;KNN7;0,4939431672485652;106,0;175,0;109,0;56,51547464239272;0,5225850071803648;20,0;168,0;175,0;175,0;2,44;3,0
DeRycke;2000;KNN9;0,4593126887443832;106,0;175,0;109,0;54,90313951328256;0,5013299391777075;25,0;164,0;175,0;175,0;2,4857142857142858;3,0
DeRycke;2000;RF;0,4485136460647981;106,0;175,0;109,0;56,20174623815717;0,4902206102779281;5,0;13,0;33,0;59,0;25,65142857142857;17,0
DeRycke;depict;LR;;42,0;46,0;44,0;82,64492753623188;0,7526762643041712;29,0;43,0;44,0;45,0;2,3043478260869565;1,0
DeRycke;depict;SVM;;42,0;46,0;44,0;78,63526570048309;0,6470758846174129;25,0;42,0;44,0;45,0;2,152173913043478;1,0
DeRycke;depict;DT;;42,0;46,0;44,0;62,46376811594203;0,7166983072298686;36,0;46,0;46,0;46,0;1,2173913043478262;1,0
DeRycke;depict;KNN1;;42,0;46,0;44,0;64,17874396135265;0,716375309813848;34,0;46,0;46,0;46,0;1,2608695652173914;1,0
DeRycke;depict;KNN3;;42,0;46,0;44,0;72,42753623188406;0,711826978853557;29,0;46,0;46,0;46,0;1,4565217391304348;1,0
DeRycke;depict;KNN5;;42,0;46,0;44,0;74,40821256038646;0,7648249222169488;36,0;45,0;46,0;46,0;1,3043478260869565;1,0
DeRycke;depict;KNN7;;42,0;46,0;44,0;79,38405797101449;0,7865020039023362;35,0;45,0;46,0;46,0;1,3695652173913044;1,0
DeRycke;depict;KNN9;;42,0;46,0;44,0;80,8574879227053;0,7836312819701525;33,0;45,0;46,0;46,0;1,391304347826087;1,0
DeRycke;depict;RF;;42,0;46,0;44,0;83,86473429951691;0,7978299847070611;29,0;45,0;45,0;45,0;1,8478260869565217;1,0
farashi;25;LR;;30,0;31,0;23,0;88,04985337243401;0,9111111111111112;27,0;31,0;31,0;31,0;1,1612903225806452;1,0
farashi;25;SVM;;30,0;31,0;23,0;75,1466275659824;0,8055555555555556;23,0;31,0;31,0;31,0;1,2903225806451613;1,0
farashi;25;DT;;30,0;31,0;23,0;59,457478005865106;0,7805555555555556;27,0;31,0;31,0;31,0;1,1290322580645162;1,0
farashi;25;KNN1;;30,0;31,0;23,0;59,457478005865106;0,7972222222222223;27,0;31,0;31,0;31,0;1,1290322580645162;1,0
farashi;25;KNN3;;30,0;31,0;23,0;69,06158357771261;0,7944444444444445;25,0;31,0;31,0;31,0;1,2258064516129032;1,0
farashi;25;KNN5;;30,0;31,0;23,0;63,12316715542522;0,8250000000000001;26,0;31,0;31,0;31,0;1,1612903225806452;1,0
farashi;25;KNN7;;30,0;31,0;23,0;71,62756598240469;0,8194444444444445;25,0;31,0;31,0;31,0;1,2258064516129032;1,0
farashi;25;KNN9;;30,0;31,0;23,0;70,45454545454545;0,8111111111111111;25,0;30,0;31,0;31,0;1,2580645161290323;1,0
farashi;25;RF;;30,0;31,0;23,0;78,37243401759531;0,8722222222222222;24,0;31,0;31,0;31,0;1,2580645161290323;1,0
farashi;50;LR;;45,0;46,0;37,0;55,39664378337148;0,5259259259259259;21,0;43,0;46,0;46,0;1,826086956521739;2,0
farashi;50;SVM;;45,0;46,0;37,0;68,11594202898551;0,6675925925925926;27,0;43,0;45,0;46,0;1,6304347826086956;1,0
farashi;50;DT;;45,0;46,0;37,0;56,21662852784135;0,6643518518518519;38,0;46,0;46,0;46,0;1,173913043478261;1,0
farashi;50;KNN1;;45,0;46,0;37,0;61,47978642257819;0,6625;38,0;46,0;46,0;46,0;1,173913043478261;1,0
farashi;50;KNN3;;45,0;46,0;37,0;61,918382913806255;0,6129629629629629;31,0;45,0;46,0;46,0;1,391304347826087;1,0
farashi;50;KNN5;;45,0;46,0;37,0;57,284515636918385;0,6083333333333333;33,0;46,0;46,0;46,0;1,3478260869565217;1,0
farashi;50;KNN7;;45,0;46,0;37,0;57,28451563691838;0,5847222222222223;26,0;46,0;46,0;46,0;1,5434782608695652;1,0
farashi;50;KNN9;;45,0;46,0;37,0;56,617086193745244;0,5694444444444444;27,0;45,0;46,0;46,0;1,5;1,0
farashi;50;RF;;45,0;46,0;37,0;65,80854309687261;0,6592592592592592;25,0;44,0;46,0;46,0;1,608695652173913;1,0
farashi;100;LR;0,3829648020824492;54,0;55,0;46,0;55,65217391304348;0,47993827160493824;16,0;45,0;53,0;55,0;2,5454545454545454;2,0
farashi;100;SVM;0,6986305633364457;54,0;55,0;46,0;72,36495388669302;0,6733024691358025;27,0;50,0;54,0;55,0;1,9272727272727272;2,0
farashi;100;DT;0,48942294089352906;54,0;55,0;46,0;60,09881422924901;0,5954475308641975;41,0;55,0;55,0;55,0;1,2545454545454546;1,0
farashi;100;KNN1;0,5007229154287979;54,0;55,0;46,0;60,46113306982872;0,6119598765432099;41,0;55,0;55,0;55,0;1,2545454545454546;1,0
farashi;100;KNN3;0,47219675749087514;54,0;55,0;46,0;63,06982872200263;0,585648148148148;33,0;55,0;55,0;55,0;1,490909090909091;1,0
farashi;100;KNN5;0,5420316611493082;54,0;55,0;46,0;62,33201581027667;0,6119598765432099;33,0;54,0;55,0;55,0;1,5454545454545454;1,0
farashi;100;KNN7;0,49142758113346346;54,0;55,0;46,0;63,29380764163373;0,610185185185185;32,0;54,0;55,0;55,0;1,5454545454545454;1,0
farashi;100;KNN9;0,5153842345018815;54,0;55,0;46,0;62,4505928853755;0,5922067901234568;27,0;54,0;55,0;55,0;1,690909090909091;2,0
farashi;100;RF;0,5362037744390686;54,0;55,0;46,0;61,85770750988143;0,5526234567901235;18,0;47,0;52,0;55,0;2,290909090909091;2,0
farashi;500;LR;0,447220641894792;135,0;144,0;116,0;65,04629629629629;0,4960288056621727;8,0;56,0;83,0;110,0;7,284722222222222;5,0
farashi;500;SVM;0,5152800225948895;135,0;144,0;116,0;64,56889152967584;0,4699128964379294;14,0;55,0;78,0;114,0;7,583333333333333;5,0
farashi;500;DT;0,4322722097703701;135,0;144,0;116,0;57,69314880834487;0,5146641797326994;68,0;144,0;144,0;144,0;1,5347222222222223;2,0
farashi;500;KNN1;0,4552106295855338;135,0;144,0;116,0;59,569964349376114;0,4798272986164842;70,0;144,0;144,0;144,0;1,5138888888888888;2,0
farashi;500;KNN3;0,4466895178887297;135,0;144,0;116,0;57,008813626460686;0,49261165581173577;38,0;143,0;144,0;144,0;1,9513888888888888;2,0
farashi;500;KNN5;0,5020867656849649;135,0;144,0;116,0;58,829306133227696;0,5081757683060181;38,0;144,0;144,0;144,0;2,013888888888889;2,0
farashi;500;KNN7;0,45964671204111385;135,0;144,0;116,0;57,4121525714663;0,46919891524422075;28,0;134,0;144,0;144,0;2,298611111111111;2,0
farashi;500;KNN9;0,44051244200532536;135,0;144,0;116,0;55,64860203340596;0,4502803244739213;21,0;127,0;144,0;144,0;2,4652777777777777;2,0
farashi;500;RF;0,4357748047547642;135,0;144,0;116,0;64,43726480491185;0,4834718792974261;26,0;54,0;76,0;111,0;7,756944444444445;5,0
farashi;1000;LR;0,4920011672843353;173,0;185,0;148,0;67,20564162424627;0,5207323337537924;14,0;52,0;83,0;117,0;12,248648648648649;7,0
farashi;1000;SVM;0,4721980114128215;173,0;185,0;148,0;63,705389519343;0,46333933076988554;12,0;42,0;72,0;106,0;13,978378378378379;9,0
farashi;1000;DT;0,5120410781571942;173,0;185,0;148,0;60,002417444277924;0,5136238176460969;71,0;185,0;185,0;185,0;1,6432432432432433;2,0
farashi;1000;KNN1;0,434874123439127;173,0;185,0;148,0;57,681325588302336;0,48068795226004063;67,0;185,0;185,0;185,0;1,6378378378378378;2,0
farashi;1000;KNN3;0,4528723189141788;173,0;185,0;148,0;58,614804428757914;0,477257128706426;37,0;185,0;185,0;185,0;2,0054054054054054;2,0
farashi;1000;KNN5;0,4814064070686822;173,0;185,0;148,0;60,74326051070237;0,5065728933663322;33,0;183,0;185,0;185,0;2,1783783783783783;2,0
farashi;1000;KNN7;0,47412888270810505;173,0;185,0;148,0;57,952908185466335;0,5206468061043565;29,0;182,0;185,0;185,0;2,254054054054054;2,0
farashi;1000;KNN9;0,475794035464591;173,0;185,0;148,0;57,79087034900988;0,5149881958446831;27,0;169,0;185,0;185,0;2,4864864864864864;3,0
farashi;1000;RF;0,4992071780492033;173,0;185,0;148,0;65,23777291219153;0,4947556934155482;22,0;54,0;70,0;112,0;13,383783783783784;8,0
farashi;2000;LR;0,467183751575893;194,0;208,0;167,0;62,55904016382613;0,48854324350388245;5,0;22,0;37,0;75,0;21,701923076923077;15,5
farashi;2000;SVM;0,46482191027258457;194,0;208,0;167,0;60,7143764545667;0,46244643222854553;8,0;21,0;42,0;77,0;23,78846153846154;16,0
farashi;2000;DT;0,4404305497840814;194,0;208,0;167,0;60,96730591379818;0,4951135350283722;78,0;208,0;208,0;208,0;1,6923076923076923;2,0
farashi;2000;KNN1;0,4468058692812909;194,0;208,0;167,0;56,2776621746598;0,4867107800186413;65,0;208,0;208,0;208,0;1,6875;2,0
farashi;2000;KNN3;0,4684250050299469;194,0;208,0;167,0;59,3763656412289;0,496172446191062;44,0;208,0;208,0;208,0;1,9519230769230769;2,0
farashi;2000;KNN5;0,4815836558667454;194,0;208,0;167,0;58,73073493094303;0,4894975745798087;21,0;205,0;208,0;208,0;2,230769230769231;2,0
farashi;2000;KNN7;0,4791406009309091;194,0;208,0;167,0;55,516301309999285;0,48989913802881646;16,0;200,0;208,0;208,0;2,5096153846153846;3,0
farashi;2000;KNN9;0,5038248625190008;194,0;208,0;167,0;55,194454607355915;0,5054928744844766;18,0;198,0;208,0;208,0;2,5336538461538463;3,0
farashi;2000;RF;0,4863353416425631;194,0;208,0;167,0;61,12927731536531;0,45165191191988524;5,0;34,0;49,0;76,0;23,125;17,0
farashi;depict;LR;;87,0;87,0;83,0;78,36438923395445;0,7290544926872112;54,0;81,0;84,0;86,0;1,9080459770114941;1,0
farashi;depict;SVM;;87,0;87,0;83,0;78,86056971514243;0,7186310637593717;55,0;78,0;85,0;86,0;1,9655172413793103;1,0
farashi;depict;DT;;87,0;87,0;83,0;68,66209752266724;0,7672663068613349;73,0;87,0;87,0;87,0;1,160919540229885;1,0
farashi;depict;KNN1;;87,0;87,0;83,0;75,4943956593132;0,8020410360526641;73,0;87,0;87,0;87,0;1,160919540229885;1,0
farashi;depict;KNN3;;87,0;87,0;83,0;78,86056971514243;0,8085837226274276;69,0;86,0;87,0;87,0;1,264367816091954;1,0
farashi;depict;KNN5;;87,0;87,0;83,0;83,112015420861;0,8206401713318313;69,0;85,0;87,0;87,0;1,2988505747126438;1,0
farashi;depict;KNN7;;87,0;87,0;83,0;80,87027914614123;0,8151590271678483;68,0;86,0;87,0;87,0;1,2988505747126438;1,0
farashi;depict;KNN9;;87,0;87,0;83,0;80,35268080245591;0,807990234764493;66,0;86,0;87,0;87,0;1,3448275862068966;1,0
farashi;depict;RF;;87,0;87,0;83,0;86,17120011422861;0,8299808429118775;64,0;83,0;87,0;87,0;1,4137931034482758;1,0
farashi p-value cutoff;25;LR;;16,0;17,0;14,0;73,70242214532871;0,7708333333333333;11,0;16,0;17,0;17,0;1,4705882352941178;1,0
farashi p-value cutoff;25;SVM;;16,0;17,0;14,0;77,16262975778547;0,8645833333333334;12,0;16,0;16,0;17,0;1,5294117647058822;1,0
farashi p-value cutoff;25;DT;;16,0;17,0;14,0;55,88235294117647;0,7343749999999999;14,0;17,0;17,0;17,0;1,1764705882352942;1,0
farashi p-value cutoff;25;KNN1;;16,0;17,0;14,0;67,64705882352942;0,8072916666666666;15,0;17,0;17,0;17,0;1,1176470588235294;1,0
farashi p-value cutoff;25;KNN3;;16,0;17,0;14,0;67,9930795847751;0,7968750000000001;13,0;17,0;17,0;17,0;1,2941176470588236;1,0
farashi p-value cutoff;25;KNN5;;16,0;17,0;14,0;66,78200692041523;0,8020833333333334;12,0;17,0;17,0;17,0;1,3529411764705883;1,0
farashi p-value cutoff;25;KNN7;;16,0;17,0;14,0;70,06920415224914;0,7708333333333334;11,0;17,0;17,0;17,0;1,411764705882353;1,0
farashi p-value cutoff;25;KNN9;;16,0;17,0;14,0;61,0726643598616;0,7708333333333334;12,0;17,0;17,0;17,0;1,3529411764705883;1,0
farashi p-value cutoff;25;RF;;16,0;17,0;14,0;87,71626297577855;0,9270833333333334;14,0;17,0;17,0;17,0;1,2352941176470589;1,0
farashi p-value cutoff;50;LR;;21,0;22,0;18,0;74,76489028213167;0,7142857142857143;13,0;21,0;22,0;22,0;1,5;1,0
farashi p-value cutoff;50;SVM;;21,0;22,0;18,0;77,4294670846395;0,7857142857142857;15,0;21,0;21,0;22,0;1,6818181818181819;1,0
farashi p-value cutoff;50;DT;;21,0;22,0;18,0;60,501567398119114;0,6815476190476191;16,0;22,0;22,0;22,0;1,2727272727272727;1,0
farashi p-value cutoff;50;KNN1;;21,0;22,0;18,0;66,22257053291536;0,7053571428571429;17,0;22,0;22,0;22,0;1,2272727272727273;1,0
farashi p-value cutoff;50;KNN3;;21,0;22,0;18,0;69,27899686520375;0,7023809523809523;16,0;21,0;22,0;22,0;1,4090909090909092;1,0
farashi p-value cutoff;50;KNN5;;21,0;22,0;18,0;72,88401253918497;0,75;16,0;21,0;22,0;22,0;1,4090909090909092;1,0
farashi p-value cutoff;50;KNN7;;21,0;22,0;18,0;74,21630094043887;0,7440476190476191;15,0;21,0;22,0;22,0;1,4545454545454546;1,0
farashi p-value cutoff;50;KNN9;;21,0;22,0;18,0;71,23824451410658;0,7172619047619048;15,0;21,0;22,0;22,0;1,5;1,0
farashi p-value cutoff;50;RF;;21,0;22,0;18,0;73,66771159874608;0,7202380952380952;15,0;19,0;21,0;22,0;1,8636363636363635;1,0
farashi p-value cutoff;100;LR;;24,0;25,0;21,0;61,880597014925364;0,47222222222222227;7,0;21,0;24,0;25,0;2,36;2,0
farashi p-value cutoff;100;SVM;;24,0;25,0;21,0;63,7910447761194;0,5395833333333333;9,0;20,0;23,0;24,0;2,64;2,0
farashi p-value cutoff;100;DT;;24,0;25,0;21,0;55,61194029850747;0,5434027777777778;14,0;25,0;25,0;25,0;1,44;1,0
farashi p-value cutoff;100;KNN1;;24,0;25,0;21,0;62,865671641791046;0,609375;18,0;25,0;25,0;25,0;1,28;1,0
farashi p-value cutoff;100;KNN3;;24,0;25,0;21,0;52,38805970149254;0,5215277777777777;15,0;25,0;25,0;25,0;1,4;1,0
farashi p-value cutoff;100;KNN5;;24,0;25,0;21,0;49,04477611940299;0,46458333333333335;11,0;23,0;25,0;25,0;1,8;2,0
farashi p-value cutoff;100;KNN7;;24,0;25,0;21,0;47,492537313432834;0,4524305555555556;11,0;23,0;25,0;25,0;1,8;2,0
farashi p-value cutoff;100;KNN9;;24,0;25,0;21,0;50,53731343283583;0,43298611111111107;11,0;22,0;25,0;25,0;1,96;2,0
farashi p-value cutoff;100;RF;;24,0;25,0;21,0;64,71641791044776;0,59375;10,0;19,0;23,0;25,0;2,48;2,0
farashi p-value cutoff;500;LR;;60,0;62,0;53,0;61,497305319065845;0,3540759807731592;3,0;19,0;31,0;43,0;9,46774193548387;5,5
farashi p-value cutoff;500;SVM;;60,0;62,0;53,0;67,65504178708116;0,5570230957041661;12,0;26,0;35,0;48,0;7,919354838709677;5,0
farashi p-value cutoff;500;DT;;60,0;62,0;53,0;56,95735374521597;0,5246952925962868;37,0;62,0;62,0;62,0;1,403225806451613;1,0
farashi p-value cutoff;500;KNN1;;60,0;62,0;53,0;63,19612590799032;0,5267774287576177;31,0;62,0;62,0;62,0;1,5;1,5
farashi p-value cutoff;500;KNN3;;60,0;62,0;53,0;56,33250019526672;0,4724109264313659;21,0;62,0;62,0;62,0;1,8709677419354838;2,0
farashi p-value cutoff;500;KNN5;;60,0;62,0;53,0;57,274662188549556;0,4549950630698018;13,0;62,0;62,0;62,0;2,1774193548387095;2,0
farashi p-value cutoff;500;KNN7;;60,0;62,0;53,0;56,860696711708194;0,4322595852426681;12,0;59,0;62,0;62,0;2,225806451612903;2,0
farashi p-value cutoff;500;KNN9;;60,0;62,0;53,0;57,32836054049832;0,43864232027573846;9,0;52,0;62,0;62,0;2,435483870967742;2,0
farashi p-value cutoff;500;RF;;60,0;62,0;53,0;71,47445911114582;0,6080760430486796;15,0;32,0;37,0;47,0;6,919354838709677;3,0
farashi p-value cutoff;1000;LR;0,46142754600689717;79,0;83,0;70,0;66,57922167160667;0,474525819160193;6,0;15,0;27,0;49,0;15,012048192771084;8,0
farashi p-value cutoff;1000;SVM;0,621999878142938;79,0;83,0;70,0;68,45283502303073;0,555593586040673;12,0;23,0;29,0;49,0;14,25301204819277;8,0
farashi p-value cutoff;1000;DT;0,43767760502065794;79,0;83,0;70,0;59,02711862432813;0,4929855452519733;34,0;83,0;83,0;83,0;1,5903614457831325;2,0
farashi p-value cutoff;1000;KNN1;0,4403358945349595;79,0;83,0;70,0;58,50070169513239;0,5033376518624195;31,0;83,0;83,0;83,0;1,6265060240963856;2,0
farashi p-value cutoff;1000;KNN3;0,3903956092371999;79,0;83,0;70,0;54,379625801417376;0,4887497641195048;17,0;83,0;83,0;83,0;2,0120481927710845;2,0
farashi p-value cutoff;1000;KNN5;0,3823743750859462;79,0;83,0;70,0;57,385559638263054;0,4658566414535313;12,0;82,0;83,0;83,0;2,3012048192771086;2,0
farashi p-value cutoff;1000;KNN7;0,41928653470196775;79,0;83,0;70,0;56,98521490505279;0,48244893751208806;13,0;80,0;83,0;83,0;2,325301204819277;2,0
farashi p-value cutoff;1000;KNN9;0,42110949290754446;79,0;83,0;70,0;56,719677162007144;0,4906527318070342;12,0;73,0;83,0;83,0;2,4216867469879517;2,0
farashi p-value cutoff;1000;RF;0,414084393040234;79,0;83,0;70,0;63,66820593150757;0,4445301015567284;1,0;17,0;28,0;44,0;16,10843373493976;9,0
farashi p-value cutoff;2000;LR;0,48769656453851323;88,0;92,0;78,0;63,04697015409027;0,4788028460097821;2,0;8,0;19,0;37,0;26,434782608695652;13,0
farashi p-value cutoff;2000;SVM;0,46197138762371637;88,0;92,0;78,0;62,78074821494418;0,46146137877127785;1,0;7,0;14,0;39,0;25,33695652173913;13,0
farashi p-value cutoff;2000;DT;0,46943909405626183;88,0;92,0;78,0;58,66757735241863;0,4937151031202727;29,0;92,0;92,0;92,0;1,684782608695652;2,0
farashi p-value cutoff;2000;KNN1;0,4516936680524578;88,0;92,0;78,0;57,87617467287944;0,48057734771155897;27,0;92,0;92,0;92,0;1,7065217391304348;2,0
farashi p-value cutoff;2000;KNN3;0,46518561407121506;88,0;92,0;78,0;55,03139910384053;0,4998736620363113;18,0;92,0;92,0;92,0;1,9130434782608696;2,0
farashi p-value cutoff;2000;KNN5;0,4781659469149986;88,0;92,0;78,0;61,0958398980926;0,5001373041967132;14,0;92,0;92,0;92,0;2,239130434782609;2,0
farashi p-value cutoff;2000;KNN7;0,46324602634533096;88,0;92,0;78,0;58,60961192495503;0,4948049075790457;12,0;88,0;92,0;92,0;2,402173913043478;2,0
farashi p-value cutoff;2000;KNN9;0,47855381857879165;88,0;92,0;78,0;57,37026918306459;0,48724478690765877;9,0;75,0;92,0;92,0;2,608695652173913;3,0
farashi p-value cutoff;2000;RF;0,4716662229950689;88,0;92,0;78,0;61,07810108053143;0,4431989510165918;1,0;8,0;14,0;33,0;25,869565217391305;17,0
farashi p-value cutoff;depict;LR;;41,0;41,0;41,0;79,49412827461609;0,7987804878048781;30,0;39,0;40,0;41,0;1,5121951219512195;1,0
farashi p-value cutoff;depict;SVM;;41,0;41,0;41,0;61,946702800361344;0,6128048780487805;21,0;38,0;41,0;41,0;1,7804878048780488;1,0
farashi p-value cutoff;depict;DT;;41,0;41,0;41,0;65,19873532068654;0,7261178861788619;36,0;41,0;41,0;41,0;1,1219512195121952;1,0
farashi p-value cutoff;depict;KNN1;;41,0;41,0;41,0;72,94489611562783;0,7764227642276423;34,0;41,0;41,0;41,0;1,170731707317073;1,0
farashi p-value cutoff;depict;KNN3;;41,0;41,0;41,0;67,5022583559169;0,7378048780487805;33,0;41,0;41,0;41,0;1,2682926829268293;1,0
farashi p-value cutoff;depict;KNN5;;41,0;41,0;41,0;67,14092140921409;0,7230691056910569;31,0;41,0;41,0;41,0;1,2926829268292683;1,0
farashi p-value cutoff;depict;KNN7;;41,0;41,0;41,0;72,94489611562783;0,7586382113821138;30,0;40,0;41,0;41,0;1,3902439024390243;1,0
farashi p-value cutoff;depict;KNN9;;41,0;41,0;41,0;68,67660343270099;0,7372967479674796;29,0;40,0;41,0;41,0;1,4146341463414633;1,0
farashi p-value cutoff;depict;RF;;41,0;41,0;41,0;69,91869918699187;0,6859756097560976;25,0;38,0;40,0;41,0;1,6341463414634145;1,0
